url,title,round_id,tier,classified_method,article_relevance_score,models_agreeing_high,disagreement_type,method_certainty,m1_decision_score,m1_decision_p1,m1_method_rct_score,m1_method_rct_p1,m1_method_prepost_score,m1_method_prepost_p1,m1_method_case_study_score,m1_method_case_study_p1,m1_method_expert_qual_score,m1_method_expert_qual_p1,m1_method_expert_secondary_score,m1_method_expert_secondary_p1,m1_method_gut_score,m1_method_gut_p1,m2old_decision_score,m2old_decision_p1,m2old_method_rct_score,m2old_method_rct_p1,m2old_method_prepost_score,m2old_method_prepost_p1,m2old_method_case_study_score,m2old_method_case_study_p1,m2old_method_expert_qual_score,m2old_method_expert_qual_p1,m2old_method_expert_secondary_score,m2old_method_expert_secondary_p1,m2old_method_gut_score,m2old_method_gut_p1,m2new_decision_score,m2new_decision_p1,m2new_method_rct_score,m2new_method_rct_p1,m2new_method_prepost_score,m2new_method_prepost_p1,m2new_method_case_study_score,m2new_method_case_study_p1,m2new_method_expert_qual_score,m2new_method_expert_qual_p1,m2new_method_expert_secondary_score,m2new_method_expert_secondary_p1,m2new_method_gut_score,m2new_method_gut_p1,m3_decision_score,m3_decision_p1,m3_method_rct_score,m3_method_rct_p1,m3_method_prepost_score,m3_method_prepost_p1,m3_method_case_study_score,m3_method_case_study_p1,m3_method_expert_qual_score,m3_method_expert_qual_p1,m3_method_expert_secondary_score,m3_method_expert_secondary_p1,m3_method_gut_score,m3_method_gut_p1,m4_decision_score,m4_decision_p1,m4_method_rct_score,m4_method_rct_p1,m4_method_prepost_score,m4_method_prepost_p1,m4_method_case_study_score,m4_method_case_study_p1,m4_method_expert_qual_score,m4_method_expert_qual_p1,m4_method_expert_secondary_score,m4_method_expert_secondary_p1,m4_method_gut_score,m4_method_gut_p1,m5_decision_score,m5_decision_p1,m5_method_rct_score,m5_method_rct_p1,m5_method_prepost_score,m5_method_prepost_p1,m5_method_case_study_score,m5_method_case_study_p1,m5_method_expert_qual_score,m5_method_expert_qual_p1,m5_method_expert_secondary_score,m5_method_expert_secondary_p1,m5_method_gut_score,m5_method_gut_p1,m6_decision_score,m6_decision_p1,m6_method_rct_score,m6_method_rct_p1,m6_method_prepost_score,m6_method_prepost_p1,m6_method_case_study_score,m6_method_case_study_p1,m6_method_expert_qual_score,m6_method_expert_qual_p1,m6_method_expert_secondary_score,m6_method_expert_secondary_p1,m6_method_gut_score,m6_method_gut_p1
https://www.theguardian.com/world/2014/mar/18/fast-food-workers-ally-minimum-wage-new-york-city,Fast-food workers get new ally in New York City fight for fair pay,149,B,method_gut,0.1692827092278782,1,outlier_high,LOW,0.0,0.05,0.0,0.05,0.0,0.05,0.0,0.05,0.0,0.05,0.0,0.05,0.0,0.05,1.0,0.8,0.0,0.05,0.0,0.05,0.0,0.05,0.0,0.05,0.0,0.05,0.0,0.05,1.0,0.8,0.0,0.05,0.0,0.05,0.0,0.05,0.0,0.05,0.0,0.05,1.0,0.8,0.534664790179711,0.534664790179711,0.17521827473328216,0.17521827473328216,0.7975553531366184,0.7975553531366184,0.4080030692974943,0.4080030692974943,0.5639465237970173,0.5639465237970173,0.08523084435743306,0.08523084435743306,0.37415581150568783,0.37415581150568783,0.2884467035519057,0.2884467035519057,0.13034691897457668,0.13034691897457668,0.004942802441196759,0.004942802441196759,0.18214070692560766,0.18214070692560766,0.011359444311080151,0.011359444311080151,0.0,0.0,0.06642958466976787,0.06642958466976787,0.15335029363632202,0.15335029363632202,0.15335029363632202,0.15335029363632202,0.15335029363632202,0.15335029363632202,0.15335029363632202,0.15335029363632202,0.15335029363632202,0.15335029363632202,0.15335029363632202,0.15335029363632202,0.15335029363632202,0.15335029363632202,0.15000000000000002,0.15000000000000002,0.0,0.0,0.0,0.0,0.0,0.0,0.0,0.0,0.0,0.0,0.0,0.0
https://www.theguardian.com/environment/2013/nov/04/green-groups-legal-kevins-corner,Green groups explore legal action to halt massive Queensland coalmine,149,B,method_rct,0.12555605191904523,1,outlier_high,LOW,0.5,0.2,0.0,0.05,0.0,0.05,0.0,0.05,0.0,0.05,0.0,0.05,0.5,0.2,0.0,0.05,0.0,0.05,0.0,0.05,0.0,0.05,0.0,0.05,0.0,0.05,0.0,0.05,0.5,0.2,0.0,0.05,0.0,0.05,0.0,0.05,0.0,0.05,0.0,0.05,0.5,0.2,0.5045745945088265,0.5045745945088265,0.2965455598827539,0.2965455598827539,0.787605860940229,0.787605860940229,0.3956150713946227,0.3956150713946227,0.5899464629015863,0.5899464629015863,0.12966925940450635,0.12966925940450635,0.3606868254491577,0.3606868254491577,0.4947431058661509,0.4947431058661509,0.3001922413164856,0.3001922413164856,0.13053094033983526,0.13053094033983526,0.05617718671466786,0.05617718671466786,0.09284084063391587,0.09284084063391587,0.0585968145026949,0.0585968145026949,0.03523027928733518,0.03523027928733518,0.5004681944847107,0.5004681944847107,0.5004681944847107,0.5004681944847107,0.5004681944847107,0.5004681944847107,0.5004681944847107,0.5004681944847107,0.5004681944847107,0.5004681944847107,0.5004681944847107,0.5004681944847107,0.5004681944847107,0.5004681944847107,0.25,0.25,0.0,0.0,0.0,0.0,0.0,0.0,0.0,0.0,0.0,0.0,0.0,0.0
https://www.theguardian.com/money/2013/mar/30/childcare-vouchers-how-work,Tax-free childcare vouchers: how they will work,149,B,method_gut,0.23226544562947893,2,method_disagree,LOW,0.0,0.05,0.0,0.05,0.0,0.05,0.0,0.05,0.0,0.05,0.0,0.05,0.0,0.05,1.0,0.8,0.0,0.05,0.0,0.05,0.0,0.05,0.0,0.05,0.0,0.05,0.0,0.05,1.0,0.8,0.0,0.05,0.0,0.05,0.0,0.05,0.0,0.05,0.0,0.05,1.0,0.8,0.5781714972723812,0.5781714972723812,0.5305739174070644,0.5305739174070644,0.8274478583327971,0.8274478583327971,0.392574191151454,0.392574191151454,0.5677676508868128,0.5677676508868128,0.23107470494788218,0.23107470494788218,0.34561368756245064,0.34561368756245064,0.3722912538417637,0.3722912538417637,0.15494026346752615,0.15494026346752615,0.08473083316124358,0.08473083316124358,0.21913069536020263,0.21913069536020263,0.07001993480174723,0.07001993480174723,0.0,0.0,0.019302279768943338,0.019302279768943338,0.6191695332527161,0.6191695332527161,0.6191695332527161,0.6191695332527161,0.6191695332527161,0.6191695332527161,0.6191695332527161,0.6191695332527161,0.6191695332527161,0.6191695332527161,0.6191695332527161,0.6191695332527161,0.6191695332527161,0.6191695332527161,0.05,0.05,0.0,0.0,0.0,0.0,0.0,0.0,0.0,0.0,0.0,0.0,0.0,0.0
https://www.theguardian.com/money/2013/mar/06/childcare-costs-twice-rate-inflation,Childcare costs rising by more than twice the rate of inflation,149,B,method_prepost,0.15548039249926482,1,outlier_high,LOW,1.0,0.8,0.0,0.05,1.0,0.8,0.0,0.05,0.0,0.05,1.0,0.8,0.0,0.05,0.5,0.2,0.5,0.2,0.5,0.2,0.5,0.2,0.5,0.2,0.5,0.2,0.5,0.2,0.0,0.05,0.0,0.05,0.0,0.05,0.0,0.05,0.0,0.05,0.0,0.05,0.0,0.05,0.5468771262736721,0.5468771262736721,0.506770091268698,0.506770091268698,0.6030865211855871,0.6030865211855871,0.42289236383090745,0.42289236383090745,0.6106124625388569,0.6106124625388569,0.6012815752481316,0.6012815752481316,0.35386662144326303,0.35386662144326303,0.28109764943073584,0.28109764943073584,0.1612377563118868,0.1612377563118868,0.029347609798481777,0.029347609798481777,0.07568635183253306,0.07568635183253306,0.00850543975182036,0.00850543975182036,0.008345285124472149,0.008345285124472149,0.032444503053618186,0.032444503053618186,0.16312327980995178,0.16312327980995178,0.16312327980995178,0.16312327980995178,0.16312327980995178,0.16312327980995178,0.16312327980995178,0.16312327980995178,0.16312327980995178,0.16312327980995178,0.16312327980995178,0.16312327980995178,0.16312327980995178,0.16312327980995178,0.15000000000000002,0.15000000000000002,0.0,0.0,0.0,0.0,0.0,0.0,0.0,0.0,0.0,0.0,0.0,0.0
https://www.theguardian.com/sustainable-business/nutritional-recession-fresh-produce,Are supermarkets responding to challenge of 'nutritional recession'?,149,B,method_expert_secondary,0.2161104741778526,3,method_disagree,LOW,1.0,0.8,0.0,0.05,0.5,0.2,0.0,0.05,0.0,0.05,1.0,0.8,0.0,0.05,0.0,0.05,0.0,0.05,0.0,0.05,0.0,0.05,0.0,0.05,0.0,0.05,0.0,0.05,0.0,0.05,0.0,0.05,0.0,0.05,0.0,0.05,0.0,0.05,0.0,0.05,0.0,0.05,0.7059174795802088,0.7059174795802088,0.39589984590103156,0.39589984590103156,0.8605191199187123,0.8605191199187123,0.6177306008185248,0.6177306008185248,0.674838963233114,0.674838963233114,0.9508259272470765,0.9508259272470765,0.3968790936268399,0.3968790936268399,0.5727886342411868,0.5727886342411868,0.08988238671441653,0.08988238671441653,0.10518105946644245,0.10518105946644245,0.20995566599473486,0.20995566599473486,0.29441387235780736,0.29441387235780736,0.10401346229699264,0.10401346229699264,0.07752674997626238,0.07752674997626238,0.16712796688079834,0.16712796688079834,0.16712796688079834,0.16712796688079834,0.16712796688079834,0.16712796688079834,0.16712796688079834,0.16712796688079834,0.16712796688079834,0.16712796688079834,0.16712796688079834,0.16712796688079834,0.16712796688079834,0.16712796688079834,0.15000000000000002,0.15000000000000002,0.0,0.0,0.0,0.0,0.0,0.0,0.0,0.0,0.0,0.0,0.0,0.0
https://www.theguardian.com/media/2012/may/01/bbc-140m-operating-surplus,BBC builds up £140m surplus for busy summer of broadcasting,149,none,method_expert_qual,0.06185917317013624,0,,LOW,0.0,0.05,0.0,0.05,0.0,0.05,0.0,0.05,0.0,0.05,0.0,0.05,0.0,0.05,0.0,0.05,0.0,0.05,0.0,0.05,0.0,0.05,0.0,0.05,0.0,0.05,0.0,0.05,0.0,0.05,0.0,0.05,0.0,0.05,0.0,0.05,0.0,0.05,0.0,0.05,0.0,0.05,0.5069891981199756,0.5069891981199756,0.3552695067816994,0.3552695067816994,0.6783660559715234,0.6783660559715234,0.39695487035421473,0.39695487035421473,0.5952400129976732,0.5952400129976732,0.36936738021746174,0.36936738021746174,0.35203091654476054,0.35203091654476054,0.3759887548048779,0.3759887548048779,0.12778550984366943,0.12778550984366943,0.030599170875006715,0.030599170875006715,0.12078081067206944,0.12078081067206944,0.1263963093297732,0.1263963093297732,0.045009227994569835,0.045009227994569835,0.0,0.0,0.1831503063440323,0.1831503063440323,0.1831503063440323,0.1831503063440323,0.1831503063440323,0.1831503063440323,0.1831503063440323,0.1831503063440323,0.1831503063440323,0.1831503063440323,0.1831503063440323,0.1831503063440323,0.1831503063440323,0.1831503063440323,0.05,0.05,0.0,0.0,0.0,0.0,0.0,0.0,0.0,0.0,0.0,0.0,0.0,0.0
https://www.theguardian.com/environment/2012/mar/06/hetchy-hetch-valley-dam-restoration,Ballot initiative reignites debate over Yosemite's 'twin valley' restoration,149,B,method_rct,0.06321833844244944,1,outlier_high,LOW,0.5,0.2,0.0,0.05,0.0,0.05,0.0,0.05,0.0,0.05,0.0,0.05,0.0,0.05,0.0,0.05,0.0,0.05,0.0,0.05,0.0,0.05,0.0,0.05,0.0,0.05,0.0,0.05,0.5,0.2,0.0,0.05,0.0,0.05,0.5,0.2,0.0,0.05,0.0,0.05,0.0,0.05,0.36890743616432264,0.36890743616432264,0.2754077232862251,0.2754077232862251,0.4639652048791431,0.4639652048791431,0.26454628419738213,0.26454628419738213,0.5224974455561407,0.5224974455561407,0.0,0.0,0.3626415243185536,0.3626415243185536,0.2884467035519057,0.2884467035519057,0.13034691897457668,0.13034691897457668,0.004942802441196759,0.004942802441196759,0.18214070692560766,0.18214070692560766,0.011359444311080151,0.011359444311080151,0.0,0.0,0.06642958466976787,0.06642958466976787,0.3804435431957245,0.3804435431957245,0.3804435431957245,0.3804435431957245,0.3804435431957245,0.3804435431957245,0.3804435431957245,0.3804435431957245,0.3804435431957245,0.3804435431957245,0.3804435431957245,0.3804435431957245,0.3804435431957245,0.3804435431957245,0.05,0.05,0.0,0.0,0.0,0.0,0.0,0.0,0.0,0.0,0.0,0.0,0.0,0.0
https://www.theguardian.com/uk/2012/jan/26/ministry-of-defence-job-cuts,"Ministry of Defence to cut further 3,000 civilian jobs",149,B,method_gut,0.17141478457246812,1,outlier_high,LOW,1.0,0.8,0.0,0.05,0.0,0.05,0.0,0.05,0.0,0.05,0.0,0.05,1.0,0.8,0.0,0.05,0.0,0.05,0.0,0.05,0.0,0.05,0.0,0.05,0.0,0.05,0.0,0.05,0.0,0.05,0.0,0.05,0.0,0.05,0.0,0.05,0.0,0.05,0.0,0.05,0.0,0.05,0.5778015784743502,0.5778015784743502,0.18382951846038426,0.18382951846038426,0.42397055158164426,0.42397055158164426,0.45969981783932057,0.45969981783932057,0.6640473503736276,0.6640473503736276,0.19236943780610516,0.19236943780610516,0.38474173096913306,0.38474173096913306,0.39108106230002604,0.39108106230002604,0.25632482159929626,0.25632482159929626,0.07414041259823027,0.07414041259823027,0.07992138388189302,0.07992138388189302,0.0,0.0,0.00962883844941038,0.00962883844941038,0.04943312487402143,0.04943312487402143,0.2428417205810547,0.2428417205810547,0.2428417205810547,0.2428417205810547,0.2428417205810547,0.2428417205810547,0.2428417205810547,0.2428417205810547,0.2428417205810547,0.2428417205810547,0.2428417205810547,0.2428417205810547,0.2428417205810547,0.2428417205810547,0.1,0.1,0.0,0.0,0.0,0.0,0.0,0.0,0.0,0.0,0.0,0.0,0.12000000000000001,0.12000000000000001
https://www.theguardian.com/uk/2011/dec/25/80mph-speed-limit-increase-deaths,80mph speed limit 'would increase deaths by 20%',149,B,method_expert_secondary,0.3005678714686112,3,method_disagree,LOW,1.0,0.8,0.0,0.05,0.0,0.05,0.0,0.05,0.5,0.2,1.0,0.8,1.0,0.8,0.0,0.05,0.0,0.05,0.0,0.05,0.0,0.05,0.0,0.05,0.0,0.05,0.0,0.05,1.0,0.8,0.0,0.05,0.0,0.05,0.0,0.05,0.0,0.05,1.0,0.8,0.0,0.05,0.5277677674773877,0.5277677674773877,0.42154603968976745,0.42154603968976745,0.6182537174359544,0.6182537174359544,0.45402119066530555,0.45402119066530555,0.6374489113099009,0.6374489113099009,0.6733553077067012,0.6733553077067012,0.3556703640329449,0.3556703640329449,0.3314338031779803,0.3314338031779803,0.058806192916994224,0.058806192916994224,0.1031605281851334,0.1031605281851334,0.1271191616405356,0.1271191616405356,0.06277394496360919,0.06277394496360919,0.10116279187949244,0.10116279187949244,0.0,0.0,0.6511284708976746,0.6511284708976746,0.6511284708976746,0.6511284708976746,0.6511284708976746,0.6511284708976746,0.6511284708976746,0.6511284708976746,0.6511284708976746,0.6511284708976746,0.6511284708976746,0.6511284708976746,0.6511284708976746,0.6511284708976746,0.35,0.35,0.0,0.0,0.0,0.0,0.0,0.0,0.0,0.0,0.0,0.0,0.0,0.0
https://www.theguardian.com/business/2011/nov/06/banks-disappointed-not-on-g-sifi-list,Some banks will be disappointed not to be on the G-Sifi list for regulation,149,none,method_expert_qual,0.056936642023684696,0,,LOW,0.5,0.2,0.0,0.05,0.0,0.05,0.0,0.05,0.5,0.2,0.0,0.05,0.0,0.05,0.0,0.05,0.0,0.05,0.0,0.05,0.0,0.05,0.0,0.05,0.0,0.05,0.0,0.05,0.0,0.05,0.0,0.05,0.0,0.05,0.0,0.05,0.0,0.05,0.0,0.05,0.0,0.05,0.41648386107202484,0.41648386107202484,0.4552028218562828,0.4552028218562828,0.5536596896170716,0.5536596896170716,0.30720468151972413,0.30720468151972413,0.542289030778526,0.542289030778526,0.39817578496358885,0.39817578496358885,0.34822200119352614,0.34822200119352614,0.4910928134856555,0.4910928134856555,0.12608079186632665,0.12608079186632665,0.10831394879863032,0.10831394879863032,0.162978722448402,0.162978722448402,0.18875327480585105,0.18875327480585105,0.10968515481500685,0.10968515481500685,0.0,0.0,0.17398503422737122,0.17398503422737122,0.17398503422737122,0.17398503422737122,0.17398503422737122,0.17398503422737122,0.17398503422737122,0.17398503422737122,0.17398503422737122,0.17398503422737122,0.17398503422737122,0.17398503422737122,0.17398503422737122,0.17398503422737122,0.15000000000000002,0.15000000000000002,0.0,0.0,0.0,0.0,0.0,0.0,0.0,0.0,0.0,0.0,0.0,0.0
https://www.theguardian.com/science/2011/jul/13/animal-experiments-rise,Animal experiments rise by 1%,149,none,method_prepost,0.0852611270590946,0,,LOW,0.5,0.2,0.0,0.05,1.0,0.8,0.0,0.05,0.0,0.05,1.0,0.8,0.0,0.05,0.0,0.05,0.0,0.05,0.0,0.05,0.0,0.05,0.0,0.05,0.0,0.05,0.0,0.05,0.0,0.05,0.0,0.05,0.0,0.05,0.0,0.05,0.0,0.05,0.0,0.05,0.0,0.05,0.46270113840090543,0.46270113840090543,0.5632975220970956,0.5632975220970956,0.7418640865525612,0.7418640865525612,0.328538242016437,0.328538242016437,0.5493744256871705,0.5493744256871705,0.622634639593862,0.622634639593862,0.3271566597401853,0.3271566597401853,0.28109764943073584,0.28109764943073584,0.1612377563118868,0.1612377563118868,0.029347609798481777,0.029347609798481777,0.07568635183253306,0.07568635183253306,0.00850543975182036,0.00850543975182036,0.008345285124472149,0.008345285124472149,0.032444503053618186,0.032444503053618186,0.2079494595527649,0.2079494595527649,0.2079494595527649,0.2079494595527649,0.2079494595527649,0.2079494595527649,0.2079494595527649,0.2079494595527649,0.2079494595527649,0.2079494595527649,0.2079494595527649,0.2079494595527649,0.2079494595527649,0.2079494595527649,0.15000000000000002,0.15000000000000002,0.0,0.0,0.0,0.0,0.0,0.0,0.0,0.0,0.0,0.0,0.0,0.0
https://www.theguardian.com/science/2011/jun/08/rejuvenated-cells-repair-heart-attack,Turning back the cellular clock could repair damage after a heart attack,149,B,method_rct,0.1016604075903315,1,outlier_high,LOW,0.5,0.2,0.0,0.05,0.0,0.05,0.0,0.05,0.0,0.05,0.0,0.05,0.0,0.05,0.0,0.05,0.0,0.05,0.0,0.05,0.0,0.05,0.0,0.05,0.0,0.05,0.0,0.05,0.0,0.05,1.0,0.8,0.0,0.05,0.0,0.05,0.0,0.05,0.0,0.05,0.0,0.05,0.4839595967811232,0.4839595967811232,0.6525073536826772,0.6525073536826772,0.7374044769256385,0.7374044769256385,0.26637117743085137,0.26637117743085137,0.512820801939654,0.512820801939654,0.5235434138866327,0.5235434138866327,0.31386262838884954,0.31386262838884954,0.28109764943073584,0.28109764943073584,0.1612377563118868,0.1612377563118868,0.029347609798481777,0.029347609798481777,0.07568635183253306,0.07568635183253306,0.00850543975182036,0.00850543975182036,0.008345285124472149,0.008345285124472149,0.032444503053618186,0.032444503053618186,0.5068780183792114,0.5068780183792114,0.5068780183792114,0.5068780183792114,0.5068780183792114,0.5068780183792114,0.5068780183792114,0.5068780183792114,0.5068780183792114,0.5068780183792114,0.5068780183792114,0.5068780183792114,0.5068780183792114,0.5068780183792114,0.05,0.05,0.0,0.0,0.0,0.0,0.0,0.0,0.0,0.0,0.0,0.0,0.0,0.0
https://www.theguardian.com/commentisfree/2011/jun/06/short-breaks-units-disabled-children,Carers of children with disabilities need respite,149,B,method_rct,0.13866598444115963,1,outlier_high,LOW,0.5,0.2,0.0,0.05,0.0,0.05,0.5,0.2,0.0,0.05,0.0,0.05,0.5,0.2,0.5,0.2,0.5,0.2,0.5,0.2,0.5,0.2,0.5,0.2,0.5,0.2,0.5,0.2,0.5,0.2,0.0,0.05,0.0,0.05,0.5,0.2,0.0,0.05,0.0,0.05,0.0,0.05,0.5978417265829918,0.5978417265829918,0.4160062733498796,0.4160062733498796,0.8487403000845672,0.8487403000845672,0.45765167265909623,0.45765167265909623,0.6225362841795233,0.6225362841795233,0.11749527149316208,0.11749527149316208,0.3555447935180392,0.3555447935180392,0.3180141899227427,0.3180141899227427,0.07157688875690738,0.07157688875690738,0.0,0.0,0.17174625186959275,0.17174625186959275,0.0,0.0,0.03010915597831137,0.03010915597831137,0.11340223522288506,0.11340223522288506,0.5372446179389954,0.5372446179389954,0.5372446179389954,0.5372446179389954,0.5372446179389954,0.5372446179389954,0.5372446179389954,0.5372446179389954,0.5372446179389954,0.5372446179389954,0.5372446179389954,0.5372446179389954,0.5372446179389954,0.5372446179389954,0.15000000000000002,0.15000000000000002,0.0,0.0,0.0,0.0,0.0,0.0,0.0,0.0,0.0,0.0,0.0,0.0
https://www.theguardian.com/society/2011/apr/28/child-support-body-accounts-rejected,Child support body's accounts rejected over payment errors,149,B,method_expert_qual,0.18044163668507732,2,method_disagree,LOW,1.0,0.8,0.0,0.05,0.0,0.05,0.0,0.05,1.0,0.8,1.0,0.8,0.0,0.05,0.5,0.2,0.0,0.05,0.0,0.05,0.5,0.2,0.5,0.2,0.5,0.2,0.5,0.2,0.5,0.2,0.0,0.05,0.0,0.05,0.5,0.2,0.0,0.05,0.0,0.05,0.0,0.05,0.5890269882980849,0.5890269882980849,0.31787066127574204,0.31787066127574204,0.3898193835655212,0.3898193835655212,0.49465471941154304,0.49465471941154304,0.6858278110573587,0.6858278110573587,0.3873632337359293,0.3873632337359293,0.3832653307366037,0.3832653307366037,0.35143745654249103,0.35143745654249103,0.1336151524102837,0.1336151524102837,0.04484997538237098,0.04484997538237098,0.09037895038253302,0.09037895038253302,0.12631534176990614,0.12631534176990614,0.01651143488826034,0.01651143488826034,0.07097971586400662,0.07097971586400662,0.3035835921764374,0.3035835921764374,0.3035835921764374,0.3035835921764374,0.3035835921764374,0.3035835921764374,0.3035835921764374,0.3035835921764374,0.3035835921764374,0.3035835921764374,0.3035835921764374,0.3035835921764374,0.3035835921764374,0.3035835921764374,0.25,0.25,0.0,0.0,0.0,0.0,0.0,0.0,0.0,0.0,0.0,0.0,0.0,0.0
https://www.theguardian.com/theguardian/2011/apr/04/height-weight-child-life-chances,High society,149,none,method_rct,0.05073572865078334,0,,LOW,0.0,0.05,0.0,0.05,0.0,0.05,0.0,0.05,0.0,0.05,0.0,0.05,0.0,0.05,0.0,0.05,0.0,0.05,0.0,0.05,0.0,0.05,0.0,0.05,0.0,0.05,0.0,0.05,0.0,0.05,0.0,0.05,0.0,0.05,0.0,0.05,0.0,0.05,0.0,0.05,0.0,0.05,0.4332091454440469,0.4332091454440469,0.6129928572886193,0.6129928572886193,0.3931987414919628,0.3931987414919628,0.23625085956712452,0.23625085956712452,0.5065006798701651,0.5065006798701651,0.6214687045920066,0.6214687045920066,0.33136136883909856,0.33136136883909856,0.28109764943073584,0.28109764943073584,0.1612377563118868,0.1612377563118868,0.029347609798481777,0.029347609798481777,0.07568635183253306,0.07568635183253306,0.00850543975182036,0.00850543975182036,0.008345285124472149,0.008345285124472149,0.032444503053618186,0.032444503053618186,0.18193575739860535,0.18193575739860535,0.18193575739860535,0.18193575739860535,0.18193575739860535,0.18193575739860535,0.18193575739860535,0.18193575739860535,0.18193575739860535,0.18193575739860535,0.18193575739860535,0.18193575739860535,0.18193575739860535,0.18193575739860535,0.15000000000000002,0.15000000000000002,0.0,0.0,0.0,0.0,0.0,0.0,0.0,0.0,0.0,0.0,0.0,0.0
https://www.theguardian.com/uk/2011/feb/28/scottish-universities-tuition-fees,Scottish universities call for an end to free higher education,149,B,method_expert_qual,0.11216267418642104,2,method_disagree,LOW,1.0,0.8,0.0,0.05,0.0,0.05,0.0,0.05,0.5,0.2,0.5,0.2,0.5,0.2,0.5,0.2,0.0,0.05,0.0,0.05,0.0,0.05,0.5,0.2,0.5,0.2,0.5,0.2,0.5,0.2,0.0,0.05,0.0,0.05,0.0,0.05,0.0,0.05,0.0,0.05,0.5,0.2,0.5420093984763437,0.5420093984763437,0.38009172809006375,0.38009172809006375,0.6678026513229871,0.6678026513229871,0.41169195451449314,0.41169195451449314,0.5976996510797397,0.5976996510797397,0.3719413404198433,0.3719413404198433,0.36056319589607805,0.36056319589607805,0.3722912538417637,0.3722912538417637,0.15494026346752615,0.15494026346752615,0.08473083316124358,0.08473083316124358,0.21913069536020263,0.21913069536020263,0.07001993480174723,0.07001993480174723,0.0,0.0,0.019302279768943338,0.019302279768943338,0.3187521994113922,0.3187521994113922,0.3187521994113922,0.3187521994113922,0.3187521994113922,0.3187521994113922,0.3187521994113922,0.3187521994113922,0.3187521994113922,0.3187521994113922,0.3187521994113922,0.3187521994113922,0.3187521994113922,0.3187521994113922,0.15000000000000002,0.15000000000000002,0.0,0.0,0.0,0.0,0.0,0.0,0.0,0.0,0.0,0.0,0.0,0.0
https://www.theguardian.com/technology/2011/feb/02/uk-crime-maps-developers-unhappy,"Crime maps are 'worse than useless', claim developers",149,B,method_gut,0.21591901260161367,2,method_disagree,LOW,1.0,0.8,0.0,0.05,0.0,0.05,0.0,0.05,0.0,0.05,0.5,0.2,1.0,0.8,0.0,0.05,0.0,0.05,0.0,0.05,0.0,0.05,0.0,0.05,0.0,0.05,0.0,0.05,0.0,0.05,0.0,0.05,0.0,0.05,0.0,0.05,0.0,0.05,0.0,0.05,0.0,0.05,0.5659728597870484,0.5659728597870484,0.37388233331191967,0.37388233331191967,0.8089804068872679,0.8089804068872679,0.42805102013133856,0.42805102013133856,0.5928259626258677,0.5928259626258677,0.3635452835042483,0.3635452835042483,0.3591414346765173,0.3591414346765173,0.643970024990798,0.643970024990798,0.09784489980725652,0.09784489980725652,0.5271722557981864,0.5271722557981864,0.06470326565298287,0.06470326565298287,0.0,0.0,0.0,0.0,0.015406046261966642,0.015406046261966642,0.2628478705883026,0.2628478705883026,0.2628478705883026,0.2628478705883026,0.2628478705883026,0.2628478705883026,0.2628478705883026,0.2628478705883026,0.2628478705883026,0.2628478705883026,0.2628478705883026,0.2628478705883026,0.2628478705883026,0.2628478705883026,0.15000000000000002,0.15000000000000002,0.0,0.0,0.0,0.0,0.0,0.0,0.0,0.0,0.0,0.0,0.0,0.0
https://www.theguardian.com/government-computing-network/2011/feb/02/ministry-justice-staff-roster-software-prisons-02feb11,MoJ saves £9m with staff roster software,149,B,method_prepost,0.3150146170696801,5,method_disagree,LOW,0.5,0.2,0.0,0.05,0.5,0.2,0.5,0.2,0.0,0.05,0.5,0.2,0.0,0.05,1.0,0.8,0.0,0.05,0.0,0.05,0.0,0.05,0.0,0.05,0.0,0.05,0.0,0.05,1.0,0.8,0.0,0.05,1.0,0.8,0.0,0.05,0.0,0.05,0.0,0.05,0.0,0.05,0.7786952816304996,0.7786952816304996,0.42350965994731704,0.42350965994731704,0.8354892721128659,0.8354892721128659,0.6692698203594083,0.6692698203594083,0.7238832760024002,0.7238832760024002,0.41634676640934964,0.41634676640934964,0.38494599171422367,0.38494599171422367,0.7719411588199715,0.7719411588199715,0.17781754935543986,0.17781754935543986,0.274948443834345,0.274948443834345,0.0,0.0,0.16523884893270718,0.16523884893270718,0.43034378715432886,0.43034378715432886,0.0,0.0,0.6191208958625793,0.6191208958625793,0.6191208958625793,0.6191208958625793,0.6191208958625793,0.6191208958625793,0.6191208958625793,0.6191208958625793,0.6191208958625793,0.6191208958625793,0.6191208958625793,0.6191208958625793,0.6191208958625793,0.6191208958625793,0.35,0.35,0.0,0.0,0.0,0.0,0.0,0.0,0.0,0.0,0.33999999999999997,0.33999999999999997,0.0,0.0
https://www.theguardian.com/edinburgh/2011/jan/04/edinburgh-cycle-storage-bike-racks-cost-spokes,Tackling bike storage problems in Edinburgh's flats,149,B,method_case_study,0.1319204350566637,1,outlier_high,LOW,0.0,0.05,0.0,0.05,0.0,0.05,0.0,0.05,0.0,0.05,0.0,0.05,0.0,0.05,0.0,0.05,0.0,0.05,0.0,0.05,0.0,0.05,0.0,0.05,0.0,0.05,0.0,0.05,0.5,0.2,0.0,0.05,0.0,0.05,0.5,0.2,0.0,0.05,0.0,0.05,0.0,0.05,0.6094160456081341,0.6094160456081341,0.3719387458740633,0.3719387458740633,0.8743465319118522,0.8743465319118522,0.4097569149666407,0.4097569149666407,0.5422591802652769,0.5422591802652769,0.23755428551196328,0.23755428551196328,0.3627753683358786,0.3627753683358786,0.5521001249411465,0.5521001249411465,0.03412208201119571,0.03412208201119571,0.001374104962416793,0.001374104962416793,0.5093787575562829,0.5093787575562829,0.0,0.0,0.10974752178375548,0.10974752178375548,0.1798923830954061,0.1798923830954061,0.25372064113616943,0.25372064113616943,0.25372064113616943,0.25372064113616943,0.25372064113616943,0.25372064113616943,0.25372064113616943,0.25372064113616943,0.25372064113616943,0.25372064113616943,0.25372064113616943,0.25372064113616943,0.25372064113616943,0.25372064113616943,0.35,0.35,0.0,0.0,0.0,0.0,0.0,0.0,0.0,0.0,0.0,0.0,0.0,0.0
https://www.theguardian.com/environment/2010/dec/22/uk-flood-defence-cuts-risk,UK flood defence cuts leave 5m vulnerable homes 'at risk',149,B,method_expert_qual,0.2516117250326405,4,method_disagree,LOW,1.0,0.8,0.0,0.05,0.5,0.2,0.0,0.05,1.0,0.8,0.5,0.2,1.0,0.8,0.5,0.2,0.0,0.05,0.5,0.2,0.5,0.2,0.5,0.2,0.5,0.2,0.5,0.2,1.0,0.8,0.0,0.05,0.0,0.05,0.5,0.2,0.0,0.05,0.0,0.05,0.0,0.05,0.7264325501406224,0.7264325501406224,0.22927662497712697,0.22927662497712697,0.6522407677844926,0.6522407677844926,0.6159333809452829,0.6159333809452829,0.6996596571398446,0.6996596571398446,0.6402202334666809,0.6402202334666809,0.3998551514530064,0.3998551514530064,0.35143745654249103,0.35143745654249103,0.1336151524102837,0.1336151524102837,0.04484997538237098,0.04484997538237098,0.09037895038253302,0.09037895038253302,0.12631534176990614,0.12631534176990614,0.01651143488826034,0.01651143488826034,0.07097971586400662,0.07097971586400662,0.5577357411384583,0.5577357411384583,0.5577357411384583,0.5577357411384583,0.5577357411384583,0.5577357411384583,0.5577357411384583,0.5577357411384583,0.5577357411384583,0.5577357411384583,0.5577357411384583,0.5577357411384583,0.5577357411384583,0.5577357411384583,0.25,0.25,0.0,0.0,0.0,0.0,0.0,0.0,0.0,0.0,0.0,0.0,0.22000000000000003,0.22000000000000003
https://www.theguardian.com/sustainable-business/profile-unilever,Company profile for Unilever,149,none,method_prepost,0.037424917312735326,0,,LOW,0.0,0.05,0.0,0.05,0.0,0.05,0.0,0.05,0.0,0.05,0.0,0.05,0.0,0.05,0.0,0.05,0.0,0.05,0.0,0.05,0.0,0.05,0.0,0.05,0.0,0.05,0.0,0.05,0.0,0.05,0.0,0.05,0.0,0.05,0.0,0.05,0.0,0.05,0.0,0.05,0.0,0.05,0.2908803696572558,0.2908803696572558,0.3644839495214449,0.3644839495214449,0.5589919645870141,0.5589919645870141,0.22144950587249232,0.22144950587249232,0.38547951427408766,0.38547951427408766,0.0,0.0,0.3238886501536149,0.3238886501536149,0.29245366307451187,0.29245366307451187,0.15266195506157978,0.15266195506157978,0.010712354882404695,0.010712354882404695,0.10797069682886595,0.10797069682886595,0.0,0.0,0.0,0.0,0.09129179254845897,0.09129179254845897,0.21732023358345032,0.21732023358345032,0.21732023358345032,0.21732023358345032,0.21732023358345032,0.21732023358345032,0.21732023358345032,0.21732023358345032,0.21732023358345032,0.21732023358345032,0.21732023358345032,0.21732023358345032,0.21732023358345032,0.21732023358345032,0.0,0.0,0.0,0.0,0.0,0.0,0.0,0.0,0.0,0.0,0.0,0.0,0.0,0.0
https://www.theguardian.com/environment/2010/aug/10/brazil-oil-gas-pipeline-amazon,Amazon pipeline's future may undermine environment,149,none,method_expert_qual,0.04046289113621046,0,,LOW,0.5,0.2,0.0,0.05,0.0,0.05,0.5,0.2,0.0,0.05,0.0,0.05,0.5,0.2,0.0,0.05,0.0,0.05,0.0,0.05,0.0,0.05,0.0,0.05,0.0,0.05,0.0,0.05,0.0,0.05,0.0,0.05,0.0,0.05,0.0,0.05,0.0,0.05,0.0,0.05,0.0,0.05,0.2115737983242107,0.2115737983242107,0.30995321337584836,0.30995321337584836,0.17896482573739497,0.17896482573739497,0.2035205233509065,0.2035205233509065,0.4097038760881635,0.4097038760881635,0.0,0.0,0.3416277056222381,0.3416277056222381,0.3965469787210658,0.3965469787210658,0.14352445021087237,0.14352445021087237,0.03540205121391106,0.03540205121391106,0.1491285923727625,0.1491285923727625,0.23930282164885516,0.23930282164885516,0.0,0.0,0.02225999854746534,0.02225999854746534,0.2380395382642746,0.2380395382642746,0.2380395382642746,0.2380395382642746,0.2380395382642746,0.2380395382642746,0.2380395382642746,0.2380395382642746,0.2380395382642746,0.2380395382642746,0.2380395382642746,0.2380395382642746,0.2380395382642746,0.2380395382642746,0.15000000000000002,0.15000000000000002,0.0,0.0,0.0,0.0,0.0,0.0,0.0,0.0,0.0,0.0,0.0,0.0
https://www.theguardian.com/media/2010/may/18/bbc-service-licences,BBC raises budgets to cover £23m extra rent costs,149,B,method_gut,0.2241225428656091,2,method_disagree,LOW,0.0,0.05,0.0,0.05,0.0,0.05,0.0,0.05,0.0,0.05,0.0,0.05,0.0,0.05,0.0,0.05,0.0,0.05,0.0,0.05,0.0,0.05,0.0,0.05,0.0,0.05,0.0,0.05,1.0,0.8,0.0,0.05,0.0,0.05,0.0,0.05,0.0,0.05,0.0,0.05,1.0,0.8,0.6445562362146002,0.6445562362146002,0.34810820698144634,0.34810820698144634,0.781936648845444,0.781936648845444,0.5158296735361221,0.5158296735361221,0.6368220934356916,0.6368220934356916,0.4742966379523147,0.4742966379523147,0.37040718125877875,0.37040718125877875,0.46425251636392206,0.46425251636392206,0.019064896267024567,0.019064896267024567,0.0,0.0,0.0,0.0,0.05668478600411267,0.05668478600411267,0.0,0.0,0.441610767243823,0.441610767243823,0.4635048508644104,0.4635048508644104,0.4635048508644104,0.4635048508644104,0.4635048508644104,0.4635048508644104,0.4635048508644104,0.4635048508644104,0.4635048508644104,0.4635048508644104,0.4635048508644104,0.4635048508644104,0.4635048508644104,0.4635048508644104,0.15000000000000002,0.15000000000000002,0.0,0.0,0.0,0.0,0.0,0.0,0.0,0.0,0.0,0.0,0.0,0.0
https://www.theguardian.com/media/pda/2010/mar/12/digital-media-bbc-launches-new-homepage,BBC tests new homepage,149,B,method_rct,0.058899224597643476,1,outlier_high,LOW,0.0,0.05,0.0,0.05,0.0,0.05,0.0,0.05,0.0,0.05,0.0,0.05,0.0,0.05,0.0,0.05,0.0,0.05,0.0,0.05,0.0,0.05,0.0,0.05,0.0,0.05,0.0,0.05,0.0,0.05,0.0,0.05,0.0,0.05,0.0,0.05,0.0,0.05,0.0,0.05,0.0,0.05,0.41877384915788407,0.41877384915788407,0.5671215427100288,0.5671215427100288,0.4324757364798752,0.4324757364798752,0.2638342171331276,0.2638342171331276,0.4228087154887574,0.4228087154887574,0.0,0.0,0.32699676782725134,0.32699676782725134,0.28109764943073584,0.28109764943073584,0.1612377563118868,0.1612377563118868,0.029347609798481777,0.029347609798481777,0.07568635183253306,0.07568635183253306,0.00850543975182036,0.00850543975182036,0.008345285124472149,0.008345285124472149,0.032444503053618186,0.032444503053618186,0.3492496907711029,0.3492496907711029,0.3492496907711029,0.3492496907711029,0.3492496907711029,0.3492496907711029,0.3492496907711029,0.3492496907711029,0.3492496907711029,0.3492496907711029,0.3492496907711029,0.3492496907711029,0.3492496907711029,0.3492496907711029,0.4,0.4,0.0,0.0,0.0,0.0,0.0,0.0,0.0,0.0,0.0,0.0,0.0,0.0
https://www.theguardian.com/society/2010/feb/24/teenage-pregnancy-rates-2008,"Teenage pregnancy rates fall, but not far enough",149,B,method_prepost,0.18652481700478754,2,method_disagree,LOW,1.0,0.8,0.0,0.05,1.0,0.8,0.0,0.05,0.0,0.05,1.0,0.8,0.0,0.05,0.5,0.2,0.5,0.2,0.5,0.2,0.5,0.2,0.5,0.2,0.5,0.2,0.5,0.2,0.5,0.2,0.0,0.05,0.5,0.2,0.0,0.05,0.0,0.05,0.0,0.05,0.0,0.05,0.5241357631704634,0.5241357631704634,0.5229483449825164,0.5229483449825164,0.5277977276365344,0.5277977276365344,0.4112878801118476,0.4112878801118476,0.604666461110259,0.604666461110259,0.7688279933272786,0.7688279933272786,0.35471346815452026,0.35471346815452026,0.35143745654249103,0.35143745654249103,0.1336151524102837,0.1336151524102837,0.04484997538237098,0.04484997538237098,0.09037895038253302,0.09037895038253302,0.12631534176990614,0.12631534176990614,0.01651143488826034,0.01651143488826034,0.07097971586400662,0.07097971586400662,0.36843737959861755,0.36843737959861755,0.36843737959861755,0.36843737959861755,0.36843737959861755,0.36843737959861755,0.36843737959861755,0.36843737959861755,0.36843737959861755,0.36843737959861755,0.36843737959861755,0.36843737959861755,0.36843737959861755,0.36843737959861755,0.25,0.25,0.0,0.0,0.0,0.0,0.0,0.0,0.0,0.0,0.0,0.0,0.0,0.0
https://www.theguardian.com/education/2010/feb/16/damage-young-people-nature-wilds,The best tool for helping damaged young people – nature,149,none,method_case_study,0.10428049394213265,0,,LOW,0.5,0.2,0.0,0.05,0.0,0.05,1.0,0.8,0.0,0.05,0.0,0.05,0.0,0.05,0.0,0.05,0.0,0.05,0.0,0.05,0.0,0.05,0.0,0.05,0.0,0.05,0.0,0.05,0.0,0.05,0.0,0.05,0.0,0.05,0.0,0.05,0.0,0.05,0.0,0.05,0.0,0.05,0.49545053387689375,0.49545053387689375,0.4600719329866467,0.4600719329866467,0.8783402953895134,0.8783402953895134,0.3793886950654669,0.3793886950654669,0.5713479710716554,0.5713479710716554,0.16111063450040786,0.16111063450040786,0.33735247389115675,0.33735247389115675,0.28109764943073584,0.28109764943073584,0.1612377563118868,0.1612377563118868,0.029347609798481777,0.029347609798481777,0.07568635183253306,0.07568635183253306,0.00850543975182036,0.00850543975182036,0.008345285124472149,0.008345285124472149,0.032444503053618186,0.032444503053618186,0.29062989354133606,0.29062989354133606,0.29062989354133606,0.29062989354133606,0.29062989354133606,0.29062989354133606,0.29062989354133606,0.29062989354133606,0.29062989354133606,0.29062989354133606,0.29062989354133606,0.29062989354133606,0.29062989354133606,0.29062989354133606,0.15000000000000002,0.15000000000000002,0.0,0.0,0.0,0.0,0.0,0.0,0.0,0.0,0.0,0.0,0.0,0.0
https://www.theguardian.com/resource/please-sir,"Using technology in school assessment: 'Please sir, how am I doing?'",149,B,method_rct,0.14702907201804943,2,method_disagree,LOW,0.5,0.2,0.0,0.05,0.0,0.05,0.0,0.05,0.5,0.2,0.0,0.05,0.0,0.05,0.0,0.05,0.0,0.05,0.0,0.05,0.0,0.05,0.0,0.05,0.0,0.05,0.0,0.05,0.5,0.2,0.0,0.05,0.0,0.05,0.5,0.2,0.0,0.05,0.0,0.05,0.0,0.05,0.5963522607092394,0.5963522607092394,0.7118403477019427,0.7118403477019427,0.7314585196354249,0.7314585196354249,0.4906607400594608,0.4906607400594608,0.6556359864137619,0.6556359864137619,0.6388527947813433,0.6388527947813433,0.3314181312109116,0.3314181312109116,0.5014022844804898,0.5014022844804898,0.21714863894127637,0.21714863894127637,0.0,0.0,0.1930958247797826,0.1930958247797826,0.16780763024413403,0.16780763024413403,0.046774931996160646,0.046774931996160646,0.09723265615853077,0.09723265615853077,0.16618585586547852,0.16618585586547852,0.16618585586547852,0.16618585586547852,0.16618585586547852,0.16618585586547852,0.16618585586547852,0.16618585586547852,0.16618585586547852,0.16618585586547852,0.16618585586547852,0.16618585586547852,0.16618585586547852,0.16618585586547852,0.55,0.55,0.0,0.0,0.0,0.0,0.0,0.0,0.0,0.0,0.6799999999999999,0.6799999999999999,0.0,0.0
https://www.theguardian.com/environment/2009/oct/19/nuclear-waste-landfill-threat,Landfill sites may be used to dump radioactive waste,149,B,method_gut,0.2520895715124256,3,method_disagree,LOW,1.0,0.8,0.0,0.05,0.0,0.05,0.0,0.05,0.0,0.05,0.0,0.05,1.0,0.8,0.0,0.05,0.0,0.05,0.0,0.05,0.0,0.05,0.0,0.05,0.0,0.05,0.0,0.05,1.0,0.8,0.0,0.05,0.0,0.05,0.0,0.05,0.0,0.05,0.0,0.05,1.0,0.8,0.37808083641195345,0.37808083641195345,0.2624307126795619,0.2624307126795619,0.5874251471197232,0.5874251471197232,0.29707182621861594,0.29707182621861594,0.5291576521614081,0.5291576521614081,0.016031716959361342,0.016031716959361342,0.36218357053934497,0.36218357053934497,0.3883539970344979,0.3883539970344979,0.04395428485530427,0.04395428485530427,0.0,0.0,0.1864388504195927,0.1864388504195927,0.09763390633879307,0.09763390633879307,0.03827530574209956,0.03827530574209956,0.1519374480332735,0.1519374480332735,0.39322835206985474,0.39322835206985474,0.39322835206985474,0.39322835206985474,0.39322835206985474,0.39322835206985474,0.39322835206985474,0.39322835206985474,0.39322835206985474,0.39322835206985474,0.39322835206985474,0.39322835206985474,0.39322835206985474,0.39322835206985474,0.15000000000000002,0.15000000000000002,0.0,0.0,0.0,0.0,0.0,0.0,0.0,0.0,0.0,0.0,0.22000000000000003,0.22000000000000003
https://www.theguardian.com/technology/2009/aug/12/facebook-lite-india-china-russia-asia,Facebook prepares 'Facebook Lite' for mobile and dialup abroad,149,none,method_rct,0.06453264423509476,0,,LOW,0.0,0.05,0.0,0.05,0.0,0.05,0.0,0.05,0.0,0.05,0.0,0.05,0.0,0.05,0.0,0.05,0.0,0.05,0.0,0.05,0.0,0.05,0.0,0.05,0.0,0.05,0.0,0.05,0.0,0.05,0.0,0.05,0.0,0.05,0.0,0.05,0.0,0.05,0.0,0.05,0.0,0.05,0.5249194970097613,0.5249194970097613,0.5995119795054527,0.5995119795054527,0.6413371235261316,0.6413371235261316,0.2691654301265577,0.2691654301265577,0.4991989784369665,0.4991989784369665,0.14556499233803805,0.14556499233803805,0.329210182768413,0.329210182768413,0.3759887548048779,0.3759887548048779,0.12778550984366943,0.12778550984366943,0.030599170875006715,0.030599170875006715,0.12078081067206944,0.12078081067206944,0.1263963093297732,0.1263963093297732,0.045009227994569835,0.045009227994569835,0.0,0.0,0.24399228394031525,0.24399228394031525,0.24399228394031525,0.24399228394031525,0.24399228394031525,0.24399228394031525,0.24399228394031525,0.24399228394031525,0.24399228394031525,0.24399228394031525,0.24399228394031525,0.24399228394031525,0.24399228394031525,0.24399228394031525,0.2,0.2,0.0,0.0,0.0,0.0,0.0,0.0,0.0,0.0,0.0,0.0,0.0,0.0
https://www.theguardian.com/society/2009/jun/11/child-poverty-bill-yvette-cooper,Yvette Cooper plans binding legal commitment to cutting child poverty,149,B,method_gut,0.22036913425657859,3,method_disagree,LOW,0.5,0.2,0.0,0.05,0.0,0.05,0.0,0.05,0.0,0.05,0.0,0.05,0.5,0.2,0.5,0.2,0.0,0.05,0.0,0.05,0.0,0.05,0.0,0.05,0.0,0.05,0.0,0.05,1.0,0.8,0.0,0.05,0.0,0.05,0.0,0.05,0.0,0.05,0.0,0.05,1.0,0.8,0.7185042702996755,0.7185042702996755,0.3111622630873472,0.3111622630873472,0.7330366732170577,0.7330366732170577,0.6166983863301301,0.6166983863301301,0.7028170451898595,0.7028170451898595,0.6191833334055385,0.6191833334055385,0.39031549963113904,0.39031549963113904,0.35143745654249103,0.35143745654249103,0.1336151524102837,0.1336151524102837,0.04484997538237098,0.04484997538237098,0.09037895038253302,0.09037895038253302,0.12631534176990614,0.12631534176990614,0.01651143488826034,0.01651143488826034,0.07097971586400662,0.07097971586400662,0.5281444787979126,0.5281444787979126,0.5281444787979126,0.5281444787979126,0.5281444787979126,0.5281444787979126,0.5281444787979126,0.5281444787979126,0.5281444787979126,0.5281444787979126,0.5281444787979126,0.5281444787979126,0.5281444787979126,0.5281444787979126,0.15000000000000002,0.15000000000000002,0.0,0.0,0.0,0.0,0.0,0.0,0.0,0.0,0.0,0.0,0.0,0.0
https://www.theguardian.com/environment/2009/jun/10/climate-change-japan,Japan's 15% target to cut emissions condemned as 'disaster',149,B,method_case_study,0.0968419973365687,2,method_disagree,LOW,0.5,0.2,0.0,0.05,0.0,0.05,0.0,0.05,0.0,0.05,0.0,0.05,0.5,0.2,0.0,0.05,0.0,0.05,0.0,0.05,0.0,0.05,0.0,0.05,0.0,0.05,0.0,0.05,0.5,0.2,0.0,0.05,0.0,0.05,0.0,0.05,0.0,0.05,0.0,0.05,0.5,0.2,0.3393816114004688,0.3393816114004688,0.3175610575854699,0.3175610575854699,0.6347630926900902,0.6347630926900902,0.2841016546977837,0.2841016546977837,0.5183247311604969,0.5183247311604969,0.34309956266753383,0.34309956266753383,0.35003991928702677,0.35003991928702677,0.589530351083501,0.589530351083501,0.11847538175157514,0.11847538175157514,0.09007625512139134,0.09007625512139134,0.35384144597248146,0.35384144597248146,0.1116749985648502,0.1116749985648502,0.11965983866804854,0.11965983866804854,0.16233207161521876,0.16233207161521876,0.41396471858024597,0.41396471858024597,0.41396471858024597,0.41396471858024597,0.41396471858024597,0.41396471858024597,0.41396471858024597,0.41396471858024597,0.41396471858024597,0.41396471858024597,0.41396471858024597,0.41396471858024597,0.41396471858024597,0.41396471858024597,0.05,0.05,0.0,0.0,0.0,0.0,0.0,0.0,0.0,0.0,0.0,0.0,0.0,0.0
https://www.theguardian.com/politics/2009/apr/20/premature-deaths-london-pollution,Premature deaths caused by London pollution 'three times higher than claimed',149,B,method_expert_secondary,0.1833897849301116,1,outlier_high,LOW,1.0,0.8,0.0,0.05,0.0,0.05,0.0,0.05,0.5,0.2,1.0,0.8,0.5,0.2,0.5,0.2,0.5,0.2,0.5,0.2,0.5,0.2,0.5,0.2,0.5,0.2,0.5,0.2,0.0,0.05,0.0,0.05,0.0,0.05,0.0,0.05,0.0,0.05,0.0,0.05,0.0,0.05,0.6169295264757738,0.6169295264757738,0.4832700325052396,0.4832700325052396,0.7376290390498517,0.7376290390498517,0.575261257749007,0.575261257749007,0.7022633043216578,0.7022633043216578,0.844572008829348,0.844572008829348,0.36442100181506937,0.36442100181506937,0.35143745654249103,0.35143745654249103,0.1336151524102837,0.1336151524102837,0.04484997538237098,0.04484997538237098,0.09037895038253302,0.09037895038253302,0.12631534176990614,0.12631534176990614,0.01651143488826034,0.01651143488826034,0.07097971586400662,0.07097971586400662,0.1822901964187622,0.1822901964187622,0.1822901964187622,0.1822901964187622,0.1822901964187622,0.1822901964187622,0.1822901964187622,0.1822901964187622,0.1822901964187622,0.1822901964187622,0.1822901964187622,0.1822901964187622,0.1822901964187622,0.1822901964187622,0.25,0.25,0.0,0.0,0.0,0.0,0.0,0.0,0.0,0.0,0.0,0.0,0.0,0.0
https://www.theguardian.com/environment/2009/apr/18/carbon-capture-plans,Carbon capture: we have the technology,149,none,method_prepost,0.08110964695353409,0,,LOW,0.0,0.05,0.0,0.05,0.0,0.05,0.0,0.05,0.0,0.05,0.0,0.05,0.0,0.05,0.0,0.05,0.0,0.05,0.0,0.05,0.0,0.05,0.0,0.05,0.0,0.05,0.0,0.05,0.0,0.05,0.0,0.05,0.0,0.05,0.0,0.05,0.0,0.05,0.0,0.05,0.0,0.05,0.4472532032247887,0.4472532032247887,0.5709031315670045,0.5709031315670045,0.6850705246583775,0.6850705246583775,0.24925336884269514,0.24925336884269514,0.4847107808035064,0.4847107808035064,0.4534864167811,0.4534864167811,0.32555735906214367,0.32555735906214367,0.38380249893246393,0.38380249893246393,0.0,0.0,0.5080426378863513,0.5080426378863513,0.0,0.0,0.0,0.0,0.0,0.0,0.0038964239804698125,0.0038964239804698125,0.24265100061893463,0.24265100061893463,0.24265100061893463,0.24265100061893463,0.24265100061893463,0.24265100061893463,0.24265100061893463,0.24265100061893463,0.24265100061893463,0.24265100061893463,0.24265100061893463,0.24265100061893463,0.24265100061893463,0.24265100061893463,0.05,0.05,0.0,0.0,0.0,0.0,0.0,0.0,0.0,0.0,0.0,0.0,0.0,0.0
https://www.theguardian.com//Public/memory-tests-fitness-prescription,Memory tests and a fitness prescription,149,B,method_rct,0.22618703717811156,3,method_disagree,LOW,0.5,0.2,0.0,0.05,0.0,0.05,0.0,0.05,0.0,0.05,0.0,0.05,0.5,0.2,0.0,0.05,0.0,0.05,0.0,0.05,0.0,0.05,0.0,0.05,0.0,0.05,0.0,0.05,0.5,0.2,0.5,0.2,0.0,0.05,0.0,0.05,0.0,0.05,0.0,0.05,0.0,0.05,0.812132665292809,0.812132665292809,0.7169618808586622,0.7169618808586622,0.9608341530908266,0.9608341530908266,0.7129297893026756,0.7129297893026756,0.7598196216064175,0.7598196216064175,0.9108104500492393,0.9108104500492393,0.3805925422590986,0.3805925422590986,0.39108106230002604,0.39108106230002604,0.25632482159929626,0.25632482159929626,0.07414041259823027,0.07414041259823027,0.07992138388189302,0.07992138388189302,0.0,0.0,0.00962883844941038,0.00962883844941038,0.04943312487402143,0.04943312487402143,0.7573466897010803,0.7573466897010803,0.7573466897010803,0.7573466897010803,0.7573466897010803,0.7573466897010803,0.7573466897010803,0.7573466897010803,0.7573466897010803,0.7573466897010803,0.7573466897010803,0.7573466897010803,0.7573466897010803,0.7573466897010803,0.35,0.35,0.13333333333333333,0.13333333333333333,0.13333333333333333,0.13333333333333333,0.13333333333333333,0.13333333333333333,0.13333333333333333,0.13333333333333333,0.13333333333333333,0.13333333333333333,0.13333333333333333,0.13333333333333333
https://www.theguardian.com/society/2009/feb/12/child-health-poverty,Help for parents in poor areas to improve child health,149,B,method_case_study,0.2826902400851407,3,method_disagree,LOW,0.5,0.2,0.0,0.05,0.0,0.05,0.0,0.05,0.0,0.05,0.0,0.05,0.5,0.2,1.0,0.8,0.0,0.05,0.0,0.05,0.0,0.05,0.0,0.05,0.0,0.05,0.0,0.05,1.0,0.8,0.0,0.05,0.0,0.05,1.0,0.8,0.0,0.05,0.0,0.05,0.0,0.05,0.7744410014536336,0.7744410014536336,0.5841642318684354,0.5841642318684354,0.8896924894048928,0.8896924894048928,0.6810391765763679,0.6810391765763679,0.7557302823902695,0.7557302823902695,0.5398777141764994,0.5398777141764994,0.37402287442720233,0.37402287442720233,0.4463285619166331,0.4463285619166331,0.10016290594206632,0.10016290594206632,0.04610153645889592,0.04610153645889592,0.1354734092220694,0.1354734092220694,0.24420621134785894,0.24420621134785894,0.053175377758358025,0.053175377758358025,0.030157047139364873,0.030157047139364873,0.6788380742073059,0.6788380742073059,0.6788380742073059,0.6788380742073059,0.6788380742073059,0.6788380742073059,0.6788380742073059,0.6788380742073059,0.6788380742073059,0.6788380742073059,0.6788380742073059,0.6788380742073059,0.6788380742073059,0.6788380742073059,0.15000000000000002,0.15000000000000002,0.0,0.0,0.0,0.0,0.0,0.0,0.0,0.0,0.0,0.0,0.0,0.0
https://www.theguardian.com/uk/2009/feb/07/london-boroughs-boris-johnson-affordable-homes,Johnson faces battle with London boroughs over affordable housing,149,none,method_prepost,0.11045603171617543,0,,LOW,0.5,0.2,0.0,0.05,0.0,0.05,0.0,0.05,0.0,0.05,0.5,0.2,0.5,0.2,0.5,0.2,0.0,0.05,0.5,0.2,0.5,0.2,0.5,0.2,0.5,0.2,0.5,0.2,1.0,0.8,0.0,0.05,0.0,0.05,0.0,0.05,0.0,0.05,0.0,0.05,0.5,0.2,0.5426426113397521,0.5426426113397521,0.2767905811522958,0.2767905811522958,0.822699450184919,0.822699450184919,0.39169140697323734,0.39169140697323734,0.553979557641652,0.553979557641652,0.10052478520646568,0.10052478520646568,0.36796014729605425,0.36796014729605425,0.27709068990812963,0.27709068990812963,0.13892272022488367,0.13892272022488367,0.023578057357273842,0.023578057357273842,0.14985636192927476,0.14985636192927476,0.023508748777209622,0.023508748777209622,0.0,0.0,0.007582295174927086,0.007582295174927086,0.21268907189369202,0.21268907189369202,0.21268907189369202,0.21268907189369202,0.21268907189369202,0.21268907189369202,0.21268907189369202,0.21268907189369202,0.21268907189369202,0.21268907189369202,0.21268907189369202,0.21268907189369202,0.21268907189369202,0.21268907189369202,0.05,0.05,0.0,0.0,0.0,0.0,0.0,0.0,0.0,0.0,0.0,0.0,0.0,0.0
https://www.theguardian.com/society/2009/jan/28/societybriefing,Exclusive research and analysis on the state of social work,149,B,method_expert_qual,0.1016355632467894,1,outlier_high,LOW,0.0,0.05,0.0,0.05,0.0,0.05,0.0,0.05,0.0,0.05,0.0,0.05,0.0,0.05,0.0,0.05,0.0,0.05,0.0,0.05,0.0,0.05,0.0,0.05,0.0,0.05,0.0,0.05,0.0,0.05,0.0,0.05,0.0,0.05,0.0,0.05,0.0,0.05,0.0,0.05,0.0,0.05,0.7811962529424946,0.7811962529424946,0.3309289336977344,0.3309289336977344,0.7143091616065131,0.7143091616065131,0.6924444083745563,0.6924444083745563,0.7469805287155288,0.7469805287155288,0.7452109011301157,0.7452109011301157,0.40819763361559674,0.40819763361559674,0.4400112765125841,0.4400112765125841,0.13567330249615653,0.13567330249615653,0.0,0.0,0.20583209881102768,0.20583209881102768,0.10409809908102555,0.10409809908102555,0.11411523403564273,0.11411523403564273,0.10975364489693887,0.10975364489693887,0.17274868488311768,0.17274868488311768,0.17274868488311768,0.17274868488311768,0.17274868488311768,0.17274868488311768,0.17274868488311768,0.17274868488311768,0.17274868488311768,0.17274868488311768,0.17274868488311768,0.17274868488311768,0.17274868488311768,0.17274868488311768,0.05,0.05,0.0,0.0,0.0,0.0,0.0,0.0,0.0,0.0,0.0,0.0,0.0,0.0
https://www.theguardian.com/commentisfree/cifamerica/2009/jan/26/business-us-economy-worker-benefits,When less is more,149,B,method_rct,0.0662185245428399,1,outlier_high,LOW,0.0,0.05,0.0,0.05,0.0,0.05,0.0,0.05,0.0,0.05,0.0,0.05,0.0,0.05,0.0,0.05,0.0,0.05,0.0,0.05,0.0,0.05,0.0,0.05,0.0,0.05,0.0,0.05,0.0,0.05,0.0,0.05,0.0,0.05,0.0,0.05,0.0,0.05,0.0,0.05,0.0,0.05,0.4131701161496618,0.4131701161496618,0.456641654969026,0.456641654969026,0.49491870417634415,0.49491870417634415,0.29892884470815007,0.29892884470815007,0.5493067528492318,0.5493067528492318,0.3044647139032267,0.3044647139032267,0.3485096299272307,0.3485096299272307,0.332754928908822,0.332754928908822,0.2529567739527391,0.2529567739527391,0.0,0.0,0.09507960022396802,0.09507960022396802,0.014969632494052821,0.014969632494052821,0.08418521341801533,0.08418521341801533,0.0,0.0,0.38065722584724426,0.38065722584724426,0.38065722584724426,0.38065722584724426,0.38065722584724426,0.38065722584724426,0.38065722584724426,0.38065722584724426,0.38065722584724426,0.38065722584724426,0.38065722584724426,0.38065722584724426,0.38065722584724426,0.38065722584724426,0.15000000000000002,0.15000000000000002,0.0,0.0,0.0,0.0,0.0,0.0,0.0,0.0,0.0,0.0,0.0,0.0
https://www.theguardian.com/environment/2009/jan/05/severn-barrage-consultation,Severn barrage: Row breaks out over UK's biggest renewables project,149,B,method_gut,0.268623983072863,3,method_disagree,LOW,1.0,0.8,0.0,0.05,0.0,0.05,0.0,0.05,0.5,0.2,0.5,0.2,1.0,0.8,0.0,0.05,0.0,0.05,0.0,0.05,0.0,0.05,0.0,0.05,0.0,0.05,0.0,0.05,1.0,0.8,0.0,0.05,0.0,0.05,0.5,0.2,0.0,0.05,0.0,0.05,0.0,0.05,0.5601079713923346,0.5601079713923346,0.372136241207619,0.372136241207619,0.7874166383355283,0.7874166383355283,0.4462349873921754,0.4462349873921754,0.608038303773909,0.608038303773909,0.5530876532394038,0.5530876532394038,0.3586576583150412,0.3586576583150412,0.8787938688225534,0.8787938688225534,0.3462709211017666,0.3462709211017666,0.1219322098942077,0.1219322098942077,0.4965265667986076,0.4965265667986076,0.1346960949284771,0.1346960949284771,0.1684986774160393,0.1684986774160393,0.12797336745438037,0.12797336745438037,0.21560390293598175,0.21560390293598175,0.21560390293598175,0.21560390293598175,0.21560390293598175,0.21560390293598175,0.21560390293598175,0.21560390293598175,0.21560390293598175,0.21560390293598175,0.21560390293598175,0.21560390293598175,0.21560390293598175,0.21560390293598175,0.35,0.35,0.0,0.0,0.0,0.0,0.0,0.0,0.0,0.0,0.0,0.0,0.44000000000000006,0.44000000000000006
https://www.theguardian.com/commentisfree/2008/jun/24/conservatives.nhs,Conservative health policy: déjà vu?,149,B,method_prepost,0.21813864426826743,3,method_disagree,LOW,1.0,0.8,0.0,0.05,0.5,0.2,0.5,0.2,0.0,0.05,0.5,0.2,0.5,0.2,0.0,0.05,0.0,0.05,0.0,0.05,0.0,0.05,0.0,0.05,0.0,0.05,0.0,0.05,1.0,0.8,0.0,0.05,0.0,0.05,0.0,0.05,0.0,0.05,0.0,0.05,1.0,0.8,0.7932232576586085,0.7932232576586085,0.42319101000882353,0.42319101000882353,0.7892023151386531,0.7892023151386531,0.7552243810229379,0.7552243810229379,0.820967996607043,0.820967996607043,0.6112690292399767,0.6112690292399767,0.4080714411625192,0.4080714411625192,0.2893019947516965,0.2893019947516965,0.00841950616712453,0.00841950616712453,0.012222635583060103,0.012222635583060103,0.10431148280536738,0.10431148280536738,0.0,0.0,0.08784069419740492,0.08784069419740492,0.11989378396122014,0.11989378396122014,0.1964028775691986,0.1964028775691986,0.1964028775691986,0.1964028775691986,0.1964028775691986,0.1964028775691986,0.1964028775691986,0.1964028775691986,0.1964028775691986,0.1964028775691986,0.1964028775691986,0.1964028775691986,0.1964028775691986,0.1964028775691986,0.15000000000000002,0.15000000000000002,0.0,0.0,0.0,0.0,0.0,0.0,0.0,0.0,0.0,0.0,0.0,0.0
https://www.theguardian.com/money/2008/jun/20/consumeraffairs,Flights,149,none,method_rct,0.0524072609281831,0,,LOW,0.0,0.05,0.0,0.05,0.0,0.05,0.0,0.05,0.0,0.05,0.0,0.05,0.0,0.05,0.0,0.05,0.0,0.05,0.0,0.05,0.0,0.05,0.0,0.05,0.0,0.05,0.0,0.05,0.0,0.05,0.0,0.05,0.0,0.05,0.0,0.05,0.0,0.05,0.0,0.05,0.0,0.05,0.39292520201998005,0.39292520201998005,0.5912679242696145,0.5912679242696145,0.2706699464530687,0.2706699464530687,0.2890539948155235,0.2890539948155235,0.35204261433294115,0.35204261433294115,0.0,0.0,0.33159428288280096,0.33159428288280096,0.27709068990812963,0.27709068990812963,0.13892272022488367,0.13892272022488367,0.023578057357273842,0.023578057357273842,0.14985636192927476,0.14985636192927476,0.023508748777209622,0.023508748777209622,0.0,0.0,0.007582295174927086,0.007582295174927086,0.29240888357162476,0.29240888357162476,0.29240888357162476,0.29240888357162476,0.29240888357162476,0.29240888357162476,0.29240888357162476,0.29240888357162476,0.29240888357162476,0.29240888357162476,0.29240888357162476,0.29240888357162476,0.29240888357162476,0.29240888357162476,0.0,0.0,0.0,0.0,0.0,0.0,0.0,0.0,0.0,0.0,0.0,0.0,0.0,0.0
https://www.theguardian.com/media/2008/jun/04/asa.advertising1,ASA puts brakes on LG mobile phone driving ad,149,none,method_expert_qual,0.06490278749074326,0,,MEDIUM,0.5,0.2,0.0,0.05,0.0,0.05,0.0,0.05,1.0,0.8,0.0,0.05,0.0,0.05,0.0,0.05,0.0,0.05,0.0,0.05,0.0,0.05,0.0,0.05,0.0,0.05,0.0,0.05,0.5,0.2,0.0,0.05,0.0,0.05,0.0,0.05,0.0,0.05,0.0,0.05,0.5,0.2,0.34685875226669693,0.34685875226669693,0.4310822640437205,0.4310822640437205,0.39092702019323217,0.39092702019323217,0.20891715906137362,0.20891715906137362,0.4747798449884443,0.4747798449884443,0.012630426697122943,0.012630426697122943,0.33770738090013636,0.33770738090013636,0.28109764943073584,0.28109764943073584,0.1612377563118868,0.1612377563118868,0.029347609798481777,0.029347609798481777,0.07568635183253306,0.07568635183253306,0.00850543975182036,0.00850543975182036,0.008345285124472149,0.008345285124472149,0.032444503053618186,0.032444503053618186,0.2044857293367386,0.2044857293367386,0.2044857293367386,0.2044857293367386,0.2044857293367386,0.2044857293367386,0.2044857293367386,0.2044857293367386,0.2044857293367386,0.2044857293367386,0.2044857293367386,0.2044857293367386,0.2044857293367386,0.2044857293367386,0.25,0.25,0.0,0.0,0.0,0.0,0.0,0.0,0.0,0.0,0.0,0.0,0.0,0.0
https://www.theguardian.com/education/2008/may/27/schools.uk1,Weight measures,149,B,method_gut,0.2328698005929096,2,method_disagree,LOW,1.0,0.8,0.0,0.05,0.0,0.05,0.5,0.2,0.0,0.05,0.5,0.2,1.0,0.8,0.5,0.2,0.5,0.2,0.5,0.2,0.5,0.2,0.5,0.2,0.5,0.2,0.5,0.2,0.0,0.05,0.0,0.05,0.0,0.05,0.0,0.05,0.0,0.05,0.0,0.05,0.0,0.05,0.7671219333677434,0.7671219333677434,0.6377293689464058,0.6377293689464058,0.7758897716769011,0.7758897716769011,0.709920773053148,0.709920773053148,0.774971208953685,0.774971208953685,1.0,1.0,0.3867849896284343,0.3867849896284343,0.4727768830555573,0.4727768830555573,0.22012641644738618,0.22012641644738618,0.0710075232660424,0.0710075232660424,0.12689832742822585,0.12689832742822585,0.06665229877863427,0.06665229877863427,0.003957145931396165,0.003957145931396165,0.14681562717925065,0.14681562717925065,0.20831704139709473,0.20831704139709473,0.20831704139709473,0.20831704139709473,0.20831704139709473,0.20831704139709473,0.20831704139709473,0.20831704139709473,0.20831704139709473,0.20831704139709473,0.20831704139709473,0.20831704139709473,0.20831704139709473,0.20831704139709473,0.15000000000000002,0.15000000000000002,0.0,0.0,0.0,0.0,0.0,0.0,0.0,0.0,0.0,0.0,0.22000000000000003,0.22000000000000003
https://www.theguardian.com/katine/2008/may/23/projectgoals.health,Katine health teams gain new skills,149,B,method_prepost,0.12319636652050855,1,outlier_high,LOW,0.5,0.2,0.0,0.05,0.0,0.05,0.5,0.2,0.0,0.05,0.0,0.05,0.0,0.05,0.0,0.05,0.0,0.05,0.0,0.05,0.0,0.05,0.0,0.05,0.0,0.05,0.0,0.05,0.5,0.2,0.0,0.05,0.5,0.2,0.0,0.05,0.0,0.05,0.0,0.05,0.0,0.05,0.6242602190034028,0.6242602190034028,0.5190000902636739,0.5190000902636739,0.9394571244880794,0.9394571244880794,0.47818834165529334,0.47818834165529334,0.6224965197986376,0.6224965197986376,0.3563890627304721,0.3563890627304721,0.34630826252455876,0.34630826252455876,0.6406792804710058,0.6406792804710058,0.23555115634113577,0.23555115634113577,0.2652297265954051,0.2652297265954051,0.2050879431544278,0.2050879431544278,0.17342610772001663,0.17342610772001663,0.047225455040308735,0.047225455040308735,0.021401427661141982,0.021401427661141982,0.15323728322982788,0.15323728322982788,0.15323728322982788,0.15323728322982788,0.15323728322982788,0.15323728322982788,0.15323728322982788,0.15323728322982788,0.15323728322982788,0.15323728322982788,0.15323728322982788,0.15323728322982788,0.15323728322982788,0.15323728322982788,0.25,0.25,0.0,0.0,0.0,0.0,0.0,0.0,0.0,0.0,0.0,0.0,0.0,0.0
https://www.theguardian.com/katine/2008/apr/23/katineamref,Stakeholders question timescale of Katine project,149,B,method_rct,0.11951195547919438,1,outlier_high,LOW,0.5,0.2,0.0,0.05,0.0,0.05,1.0,0.8,0.5,0.2,0.0,0.05,0.0,0.05,0.0,0.05,0.0,0.05,0.0,0.05,0.0,0.05,0.0,0.05,0.0,0.05,0.0,0.05,0.5,0.2,0.0,0.05,0.5,0.2,0.0,0.05,0.0,0.05,0.0,0.05,0.0,0.05,0.6018038730381443,0.6018038730381443,0.38358763972823173,0.38358763972823173,0.857804829200338,0.857804829200338,0.466419659190066,0.466419659190066,0.6143929111214596,0.6143929111214596,0.25259334271599443,0.25259334271599443,0.364177321142981,0.364177321142981,0.28109764943073584,0.28109764943073584,0.1612377563118868,0.1612377563118868,0.029347609798481777,0.029347609798481777,0.07568635183253306,0.07568635183253306,0.00850543975182036,0.00850543975182036,0.008345285124472149,0.008345285124472149,0.032444503053618186,0.032444503053618186,0.18036037683486938,0.18036037683486938,0.18036037683486938,0.18036037683486938,0.18036037683486938,0.18036037683486938,0.18036037683486938,0.18036037683486938,0.18036037683486938,0.18036037683486938,0.18036037683486938,0.18036037683486938,0.18036037683486938,0.18036037683486938,0.30000000000000004,0.30000000000000004,0.13333333333333333,0.13333333333333333,0.13333333333333333,0.13333333333333333,0.13333333333333333,0.13333333333333333,0.13333333333333333,0.13333333333333333,0.13333333333333333,0.13333333333333333,0.13333333333333333,0.13333333333333333
https://www.theguardian.com/katine/2008/apr/18/background.livelihoods1,How to improve livelihoods in Katine,149,B,method_expert_qual,0.21622654054730597,2,method_disagree,LOW,1.0,0.8,0.0,0.05,0.0,0.05,0.5,0.2,1.0,0.8,0.5,0.2,0.0,0.05,0.0,0.05,0.0,0.05,0.0,0.05,0.0,0.05,0.0,0.05,0.0,0.05,0.0,0.05,0.0,0.05,0.0,0.05,0.0,0.05,0.0,0.05,0.0,0.05,0.0,0.05,0.0,0.05,0.4597174163403517,0.4597174163403517,0.36831468609301343,0.36831468609301343,0.8259198526748359,0.8259198526748359,0.35161750644580003,0.35161750644580003,0.5461825647768886,0.5461825647768886,0.27064766906283294,0.27064766906283294,0.350058715398665,0.350058715398665,0.3870741027774199,0.3870741027774199,0.23400978551229318,0.23400978551229318,0.06837086015702235,0.06837086015702235,0.15409139397863472,0.15409139397863472,0.0,0.0,0.0,0.0,0.024570916995330327,0.024570916995330327,0.15593881905078888,0.15593881905078888,0.15593881905078888,0.15593881905078888,0.15593881905078888,0.15593881905078888,0.15593881905078888,0.15593881905078888,0.15593881905078888,0.15593881905078888,0.15593881905078888,0.15593881905078888,0.15593881905078888,0.15593881905078888,0.55,0.55,0.0,0.0,0.0,0.0,0.0,0.0,0.0,0.0,0.6799999999999999,0.6799999999999999,0.0,0.0
https://www.theguardian.com/katine/2008/mar/19/background.katineamref,Amref's March project update,149,B,method_rct,0.0939246375681162,1,outlier_high,LOW,0.0,0.05,0.0,0.05,0.0,0.05,0.0,0.05,0.0,0.05,0.0,0.05,0.0,0.05,0.0,0.05,0.0,0.05,0.0,0.05,0.0,0.05,0.0,0.05,0.0,0.05,0.0,0.05,0.0,0.05,0.0,0.05,0.0,0.05,0.0,0.05,0.0,0.05,0.0,0.05,0.0,0.05,0.5282393334817099,0.5282393334817099,0.5326362272304979,0.5326362272304979,0.8921687174587649,0.8921687174587649,0.34359678798717685,0.34359678798717685,0.5412016205027198,0.5412016205027198,0.16307680503836286,0.16307680503836286,0.3330777418839616,0.3330777418839616,0.30195144673000845,0.30195144673000845,0.18256286736912927,0.18256286736912927,0.06922846757735437,0.06922846757735437,0.20443809681020267,0.20443809681020267,0.0,0.0,0.0,0.0,0.0,0.0,0.34199923276901245,0.34199923276901245,0.34199923276901245,0.34199923276901245,0.34199923276901245,0.34199923276901245,0.34199923276901245,0.34199923276901245,0.34199923276901245,0.34199923276901245,0.34199923276901245,0.34199923276901245,0.34199923276901245,0.34199923276901245,0.05,0.05,0.0,0.0,0.0,0.0,0.0,0.0,0.0,0.0,0.0,0.0,0.0,0.0
https://www.theguardian.com/technology/blog/2008/feb/29/microsoftslashesretailprice,Microsoft slashes retail price of Vista,149,none,method_rct,0.03560703682991443,0,,LOW,0.0,0.05,0.0,0.05,0.0,0.05,0.0,0.05,0.0,0.05,0.0,0.05,0.0,0.05,0.0,0.05,0.0,0.05,0.0,0.05,0.0,0.05,0.0,0.05,0.0,0.05,0.0,0.05,0.0,0.05,0.0,0.05,0.0,0.05,0.0,0.05,0.0,0.05,0.0,0.05,0.0,0.05,0.3329321293566161,0.3329321293566161,0.43769677358946313,0.43769677358946313,0.3409551385375346,0.3409551385375346,0.23533389527554296,0.23533389527554296,0.4431101705961308,0.4431101705961308,0.0,0.0,0.3362395705882841,0.3362395705882841,0.28109764943073584,0.28109764943073584,0.1612377563118868,0.1612377563118868,0.029347609798481777,0.029347609798481777,0.07568635183253306,0.07568635183253306,0.00850543975182036,0.00850543975182036,0.008345285124472149,0.008345285124472149,0.032444503053618186,0.032444503053618186,0.22113364934921265,0.22113364934921265,0.22113364934921265,0.22113364934921265,0.22113364934921265,0.22113364934921265,0.22113364934921265,0.22113364934921265,0.22113364934921265,0.22113364934921265,0.22113364934921265,0.22113364934921265,0.22113364934921265,0.22113364934921265,0.1,0.1,0.0,0.0,0.0,0.0,0.0,0.0,0.0,0.0,0.0,0.0,0.0,0.0
https://www.theguardian.com/education/2008/feb/12/schools.uk2,Who should decide what children are taught?,149,B,method_rct,0.33128786230603496,4,method_disagree,LOW,1.0,0.8,0.0,0.05,0.0,0.05,0.0,0.05,1.0,0.8,0.0,0.05,0.0,0.05,0.0,0.05,0.0,0.05,0.0,0.05,0.0,0.05,0.0,0.05,0.0,0.05,0.0,0.05,1.0,0.8,0.0,0.05,0.0,0.05,1.0,0.8,0.0,0.05,0.0,0.05,0.0,0.05,0.6367694606997198,0.6367694606997198,0.7578563750461674,0.7578563750461674,0.8707370923752624,0.8707370923752624,0.49867035675654037,0.49867035675654037,0.646131105269096,0.646131105269096,0.7293713676440272,0.7293713676440272,0.327484225463798,0.327484225463798,0.45191627466800727,0.45191627466800727,0.26609635390012193,0.26609635390012193,0.02117300983391439,0.02117300983391439,0.3071549712074523,0.3071549712074523,0.0,0.0,0.0,0.0,0.007020007253079056,0.007020007253079056,0.5506795048713684,0.5506795048713684,0.5506795048713684,0.5506795048713684,0.5506795048713684,0.5506795048713684,0.5506795048713684,0.5506795048713684,0.5506795048713684,0.5506795048713684,0.5506795048713684,0.5506795048713684,0.5506795048713684,0.5506795048713684,0.30000000000000004,0.30000000000000004,0.13333333333333333,0.13333333333333333,0.13333333333333333,0.13333333333333333,0.13333333333333333,0.13333333333333333,0.13333333333333333,0.13333333333333333,0.13333333333333333,0.13333333333333333,0.13333333333333333,0.13333333333333333
https://www.theguardian.com/society/katineblog/2008/jan/31/amrefprojectupdate,Amref project update,149,B,method_case_study,0.12767480204139758,2,method_disagree,LOW,0.5,0.2,0.0,0.05,0.0,0.05,1.0,0.8,0.0,0.05,0.0,0.05,0.0,0.05,0.0,0.05,0.0,0.05,0.0,0.05,0.0,0.05,0.0,0.05,0.0,0.05,0.0,0.05,0.0,0.05,0.0,0.05,0.0,0.05,0.0,0.05,0.0,0.05,0.0,0.05,0.0,0.05,0.5638812329795146,0.5638812329795146,0.3913428826929709,0.3913428826929709,0.8617370331567504,0.8617370331567504,0.4172919546302143,0.4172919546302143,0.586202745918442,0.586202745918442,0.1977313750149477,0.1977313750149477,0.3558880524970574,0.3558880524970574,0.5911932706585232,0.5911932706585232,0.2844988712999813,0.2844988712999813,0.2896082187903885,0.2896082187903885,0.3191470895820975,0.3191470895820975,0.0,0.0,0.0,0.0,0.0,0.0,0.17067120969295502,0.17067120969295502,0.17067120969295502,0.17067120969295502,0.17067120969295502,0.17067120969295502,0.17067120969295502,0.17067120969295502,0.17067120969295502,0.17067120969295502,0.17067120969295502,0.17067120969295502,0.17067120969295502,0.17067120969295502,0.25,0.25,0.1,0.1,0.1,0.1,0.1,0.1,0.1,0.1,0.1,0.1,0.1,0.1
https://www.theguardian.com/society/2007/dec/10/disability.equality,The cycle of deprivation,149,B,method_prepost,0.296418633162164,3,method_disagree,LOW,1.0,0.8,0.0,0.05,1.0,0.8,0.0,0.05,0.0,0.05,1.0,0.8,0.0,0.05,0.0,0.05,0.0,0.05,0.0,0.05,0.0,0.05,0.0,0.05,0.0,0.05,0.0,0.05,0.5,0.2,0.0,0.05,0.5,0.2,0.0,0.05,0.0,0.05,0.0,0.05,0.0,0.05,0.6920191711932383,0.6920191711932383,0.31954835920023916,0.31954835920023916,0.7501949567072679,0.7501949567072679,0.5960102330746992,0.5960102330746992,0.6986101558205343,0.6986101558205343,0.531485095184326,0.531485095184326,0.3823276900297235,0.3823276900297235,0.4463285619166331,0.4463285619166331,0.10016290594206632,0.10016290594206632,0.04610153645889592,0.04610153645889592,0.1354734092220694,0.1354734092220694,0.24420621134785894,0.24420621134785894,0.053175377758358025,0.053175377758358025,0.030157047139364873,0.030157047139364873,0.643649697303772,0.643649697303772,0.643649697303772,0.643649697303772,0.643649697303772,0.643649697303772,0.643649697303772,0.643649697303772,0.643649697303772,0.643649697303772,0.643649697303772,0.643649697303772,0.643649697303772,0.643649697303772,0.5,0.5,0.0,0.0,0.0,0.0,0.0,0.0,0.0,0.0,0.7,0.7,0.0,0.0
https://www.theguardian.com/society/2007/nov/01/health.communities,'Fit towns' plan to tackle child obesity,149,B,method_case_study,0.30790510556492484,5,method_disagree,LOW,1.0,0.8,0.0,0.05,0.5,0.2,1.0,0.8,0.0,0.05,0.5,0.2,1.0,0.8,0.5,0.2,0.0,0.05,0.0,0.05,0.0,0.05,0.0,0.05,0.0,0.05,0.0,0.05,1.0,0.8,0.0,0.05,0.0,0.05,0.0,0.05,0.0,0.05,0.0,0.05,0.0,0.05,0.726699061844533,0.726699061844533,0.4616936096080112,0.4616936096080112,0.947200952411493,0.947200952411493,0.6276132467025861,0.6276132467025861,0.6775699228018064,0.6775699228018064,0.8923191130666492,0.8923191130666492,0.391718150071283,0.391718150071283,0.589530351083501,0.589530351083501,0.11847538175157514,0.11847538175157514,0.09007625512139134,0.09007625512139134,0.35384144597248146,0.35384144597248146,0.1116749985648502,0.1116749985648502,0.11965983866804854,0.11965983866804854,0.16233207161521876,0.16233207161521876,0.6703770756721497,0.6703770756721497,0.6703770756721497,0.6703770756721497,0.6703770756721497,0.6703770756721497,0.6703770756721497,0.6703770756721497,0.6703770756721497,0.6703770756721497,0.6703770756721497,0.6703770756721497,0.6703770756721497,0.6703770756721497,0.35,0.35,0.0,0.0,0.0,0.0,0.0,0.0,0.0,0.0,0.0,0.0,0.33999999999999997,0.33999999999999997
https://www.theguardian.com/uk/2007/aug/06/footandmouth.ruralaffairs,Paper clothes and air filters to keep pathogens in,149,B,method_expert_qual,0.16308958144162172,2,method_disagree,LOW,1.0,0.8,0.0,0.05,0.0,0.05,0.5,0.2,1.0,0.8,0.0,0.05,0.0,0.05,0.0,0.05,0.0,0.05,0.0,0.05,0.0,0.05,0.0,0.05,0.0,0.05,0.0,0.05,0.0,0.05,0.0,0.05,0.0,0.05,0.0,0.05,0.0,0.05,0.0,0.05,0.0,0.05,0.4759182755551632,0.4759182755551632,0.520111216634863,0.520111216634863,0.6549616288445332,0.6549616288445332,0.3106840479974322,0.3106840479974322,0.5485317788546842,0.5485317788546842,0.09673937697534707,0.09673937697534707,0.3448493423593722,0.3448493423593722,0.35143745654249103,0.35143745654249103,0.1336151524102837,0.1336151524102837,0.04484997538237098,0.04484997538237098,0.09037895038253302,0.09037895038253302,0.12631534176990614,0.12631534176990614,0.01651143488826034,0.01651143488826034,0.07097971586400662,0.07097971586400662,0.3714316785335541,0.3714316785335541,0.3714316785335541,0.3714316785335541,0.3714316785335541,0.3714316785335541,0.3714316785335541,0.3714316785335541,0.3714316785335541,0.3714316785335541,0.3714316785335541,0.3714316785335541,0.3714316785335541,0.3714316785335541,0.25,0.25,0.0,0.0,0.0,0.0,0.0,0.0,0.0,0.0,0.0,0.0,0.0,0.0
https://www.theguardian.com/society/2007/jul/19/drugsandalcohol.uknews,24-hour drinking causes A&E headache,149,B,method_prepost,0.2628414418026691,3,method_disagree,LOW,1.0,0.8,0.0,0.05,1.0,0.8,0.5,0.2,0.0,0.05,1.0,0.8,0.0,0.05,0.0,0.05,0.0,0.05,0.5,0.2,0.5,0.2,0.5,0.2,0.5,0.2,0.5,0.2,0.0,0.05,0.0,0.05,0.5,0.2,0.0,0.05,0.0,0.05,0.0,0.05,0.0,0.05,0.5993513774886747,0.5993513774886747,0.48016329482354525,0.48016329482354525,0.8302905116043127,0.8302905116043127,0.5461942523435437,0.5461942523435437,0.6914966932829699,0.6914966932829699,0.5707971558433407,0.5707971558433407,0.3495380532243663,0.3495380532243663,0.42039633923178943,0.42039633923178943,0.3054998091310856,0.3054998091310856,0.10925902231473814,0.10925902231473814,0.11565459826140961,0.11565459826140961,0.0,0.0,0.026920626764562604,0.026920626764562604,0.0,0.0,0.3206607699394226,0.3206607699394226,0.3206607699394226,0.3206607699394226,0.3206607699394226,0.3206607699394226,0.3206607699394226,0.3206607699394226,0.3206607699394226,0.3206607699394226,0.3206607699394226,0.3206607699394226,0.3206607699394226,0.3206607699394226,0.55,0.55,0.0,0.0,0.82,0.82,0.0,0.0,0.0,0.0,0.0,0.0,0.0,0.0
https://www.theguardian.com/media/2007/jun/27/newmedia.digitalvideo,Web video push for Universal stars,149,none,method_prepost,0.08424250461008906,0,,LOW,0.0,0.05,0.0,0.05,0.0,0.05,0.0,0.05,0.0,0.05,0.0,0.05,0.0,0.05,0.0,0.05,0.0,0.05,0.0,0.05,0.0,0.05,0.0,0.05,0.0,0.05,0.0,0.05,0.0,0.05,0.0,0.05,0.0,0.05,0.0,0.05,0.0,0.05,0.0,0.05,0.0,0.05,0.44800399596171536,0.44800399596171536,0.6044430924932428,0.6044430924932428,0.32128919434679676,0.32128919434679676,0.291677996618422,0.291677996618422,0.42016311901392844,0.42016311901392844,0.0,0.0,0.33513166464991834,0.33513166464991834,0.478693604306606,0.478693604306606,0.0,0.0,0.5092941989628762,0.5092941989628762,0.03469021824691187,0.03469021824691187,0.0703219120252004,0.0703219120252004,0.0,0.0,0.0,0.0,0.2600167989730835,0.2600167989730835,0.2600167989730835,0.2600167989730835,0.2600167989730835,0.2600167989730835,0.2600167989730835,0.2600167989730835,0.2600167989730835,0.2600167989730835,0.2600167989730835,0.2600167989730835,0.2600167989730835,0.2600167989730835,0.0,0.0,0.0,0.0,0.0,0.0,0.0,0.0,0.0,0.0,0.0,0.0,0.0,0.0
https://www.theguardian.com/education/2007/jun/25/schools.uk1,"Extra school services help lift results, says study",149,B,method_rct,0.34041127313968056,4,method_disagree,LOW,1.0,0.8,0.0,0.05,1.0,0.8,0.0,0.05,0.0,0.05,1.0,0.8,0.0,0.05,0.5,0.2,0.5,0.2,0.5,0.2,0.5,0.2,0.5,0.2,0.5,0.2,0.5,0.2,0.5,0.2,0.5,0.2,0.0,0.05,0.0,0.05,0.0,0.05,0.0,0.05,0.0,0.05,0.6441059282917208,0.6441059282917208,0.8077744261806437,0.8077744261806437,0.9428207075558812,0.9428207075558812,0.4136930765600567,0.4136930765600567,0.5848769093649039,0.5848769093649039,0.6179127666244636,0.6179127666244636,0.31036146328209735,0.31036146328209735,0.5896342112402929,0.5896342112402929,0.2667399948482682,0.2667399948482682,0.13178250141636022,0.13178250141636022,0.10127164555420426,0.10127164555420426,0.21073171021186868,0.21073171021186868,0.09526075737279259,0.09526075737279259,0.0,0.0,0.6150800585746765,0.6150800585746765,0.6150800585746765,0.6150800585746765,0.6150800585746765,0.6150800585746765,0.6150800585746765,0.6150800585746765,0.6150800585746765,0.6150800585746765,0.6150800585746765,0.6150800585746765,0.6150800585746765,0.6150800585746765,0.6499999999999999,0.6499999999999999,0.0,0.0,0.0,0.0,0.7999999999999999,0.7999999999999999,0.0,0.0,0.0,0.0,0.0,0.0
https://www.theguardian.com/uk/2007/mar/01/schools.gcses,"New science GCSEs foster cynicism among pupils, says study",149,B,method_case_study,0.21294287594444478,2,method_disagree,LOW,1.0,0.8,0.0,0.05,0.5,0.2,1.0,0.8,0.0,0.05,0.5,0.2,0.0,0.05,0.0,0.05,0.0,0.05,0.0,0.05,0.0,0.05,0.0,0.05,0.0,0.05,0.0,0.05,0.5,0.2,0.0,0.05,0.0,0.05,0.5,0.2,0.0,0.05,0.0,0.05,0.0,0.05,0.5604953836481249,0.5604953836481249,0.7246321485344545,0.7246321485344545,0.8367497565777628,0.8367497565777628,0.39991731623976634,0.39991731623976634,0.5822470750927214,0.5822470750927214,0.9258806102801449,0.9258806102801449,0.3147901325420097,0.3147901325420097,0.42440329875439564,0.42440329875439564,0.3278148452180887,0.3278148452180887,0.11502857475594606,0.11502857475594606,0.0414845881646679,0.0414845881646679,0.0,0.0,0.05043066473890671,0.05043066473890671,0.0,0.0,0.2449951469898224,0.2449951469898224,0.2449951469898224,0.2449951469898224,0.2449951469898224,0.2449951469898224,0.2449951469898224,0.2449951469898224,0.2449951469898224,0.2449951469898224,0.2449951469898224,0.2449951469898224,0.2449951469898224,0.2449951469898224,0.44999999999999996,0.44999999999999996,0.2,0.2,0.2,0.2,0.2,0.2,0.2,0.2,0.2,0.2,0.2,0.2
https://www.theguardian.com/environment/2007/feb/28/uknews.waste,Retailers to cut plastic bag impact by 25%,149,B,method_prepost,0.2439656592243829,2,method_disagree,LOW,1.0,0.8,0.0,0.05,0.5,0.2,0.0,0.05,0.0,0.05,0.5,0.2,0.5,0.2,1.0,0.8,0.0,0.05,0.5,0.2,0.5,0.2,0.5,0.2,0.5,0.2,0.5,0.2,1.0,0.8,0.0,0.05,0.0,0.05,0.0,0.05,0.0,0.05,0.0,0.05,0.5,0.2,0.6304729431821835,0.6304729431821835,0.45119868513687633,0.45119868513687633,0.9003421891090135,0.9003421891090135,0.4516309175933335,0.4516309175933335,0.578622042180811,0.578622042180811,0.5492313577858665,0.5492313577858665,0.3612994911257063,0.3612994911257063,0.28109764943073584,0.28109764943073584,0.1612377563118868,0.1612377563118868,0.029347609798481777,0.029347609798481777,0.07568635183253306,0.07568635183253306,0.00850543975182036,0.00850543975182036,0.008345285124472149,0.008345285124472149,0.032444503053618186,0.032444503053618186,0.7840884327888489,0.7840884327888489,0.7840884327888489,0.7840884327888489,0.7840884327888489,0.7840884327888489,0.7840884327888489,0.7840884327888489,0.7840884327888489,0.7840884327888489,0.7840884327888489,0.7840884327888489,0.7840884327888489,0.7840884327888489,0.15000000000000002,0.15000000000000002,0.0,0.0,0.0,0.0,0.0,0.0,0.0,0.0,0.0,0.0,0.0,0.0
https://www.theguardian.com/uk/2007/feb/28/musicnews.schools,Music helps pupils chill out at home time,149,B,method_rct,0.29045406934141166,4,method_disagree,LOW,0.5,0.2,0.0,0.05,0.5,0.2,1.0,0.8,0.0,0.05,0.0,0.05,0.0,0.05,1.0,0.8,1.0,0.8,1.0,0.8,0.5,0.2,0.5,0.2,0.5,0.2,0.5,0.2,0.5,0.2,0.5,0.2,0.0,0.05,0.0,0.05,0.0,0.05,0.0,0.05,0.0,0.05,0.44394577142336467,0.44394577142336467,0.6259618413318649,0.6259618413318649,0.5167541666071551,0.5167541666071551,0.25390778994582364,0.25390778994582364,0.42118948622043695,0.42118948622043695,0.08542012660173395,0.08542012660173395,0.3146780958240508,0.3146780958240508,0.6218953934734739,0.6218953934734739,0.0,0.0,0.5532689176253716,0.5532689176253716,0.25305825499732393,0.25305825499732393,0.0,0.0,0.046038045402306396,0.046038045402306396,0.09524877973168194,0.09524877973168194,0.5321747660636902,0.5321747660636902,0.5321747660636902,0.5321747660636902,0.5321747660636902,0.5321747660636902,0.5321747660636902,0.5321747660636902,0.5321747660636902,0.5321747660636902,0.5321747660636902,0.5321747660636902,0.5321747660636902,0.5321747660636902,0.44999999999999996,0.44999999999999996,0.0,0.0,0.0,0.0,0.64,0.64,0.0,0.0,0.0,0.0,0.0,0.0
https://www.theguardian.com/media/2007/jan/19/broadcasting.bbc,Jowell backs Ofcom PSP plan,149,B,method_gut,0.19155303212986746,1,outlier_high,LOW,0.5,0.2,0.0,0.05,0.0,0.05,0.0,0.05,0.0,0.05,0.0,0.05,0.5,0.2,0.0,0.05,0.0,0.05,0.0,0.05,0.0,0.05,0.0,0.05,0.0,0.05,0.0,0.05,1.0,0.8,0.0,0.05,0.0,0.05,0.0,0.05,0.0,0.05,0.0,0.05,1.0,0.8,0.6358805666976013,0.6358805666976013,0.3647389016827177,0.3647389016827177,0.8475028757942753,0.8475028757942753,0.5040649983803184,0.5040649983803184,0.633712924590906,0.633712924590906,0.29367841629655617,0.29367841629655617,0.36680018458357794,0.36680018458357794,0.3759887548048779,0.3759887548048779,0.12778550984366943,0.12778550984366943,0.030599170875006715,0.030599170875006715,0.12078081067206944,0.12078081067206944,0.1263963093297732,0.1263963093297732,0.045009227994569835,0.045009227994569835,0.0,0.0,0.19599668681621552,0.19599668681621552,0.19599668681621552,0.19599668681621552,0.19599668681621552,0.19599668681621552,0.19599668681621552,0.19599668681621552,0.19599668681621552,0.19599668681621552,0.19599668681621552,0.19599668681621552,0.19599668681621552,0.19599668681621552,0.15000000000000002,0.15000000000000002,0.0,0.0,0.0,0.0,0.0,0.0,0.0,0.0,0.0,0.0,0.22000000000000003,0.22000000000000003
https://www.theguardian.com/uk/2007/jan/08/claredyer.uknews2,Divorce rights for unwed couples 'no threat to marriage',149,B,method_prepost,0.38698554128811113,4,method_disagree,LOW,1.0,0.8,0.0,0.05,1.0,0.8,1.0,0.8,0.0,0.05,1.0,0.8,0.0,0.05,0.5,0.2,0.5,0.2,0.5,0.2,0.5,0.2,0.5,0.2,0.5,0.2,0.5,0.2,1.0,0.8,0.0,0.05,0.0,0.05,1.0,0.8,0.0,0.05,0.0,0.05,0.0,0.05,0.5771258812299436,0.5771258812299436,0.3095050033663911,0.3095050033663911,0.5873647770189991,0.5873647770189991,0.4507731267966445,0.4507731267966445,0.613935400272103,0.613935400272103,0.3841017796834043,0.3841017796834043,0.3752726013671687,0.3752726013671687,0.40309473602057727,0.40309473602057727,0.22533417005113596,0.22533417005113596,0.01299908850059954,0.01299908850059954,0.10977219877396799,0.10977219877396799,0.1327795345121386,0.1327795345121386,0.09235136318180352,0.09235136318180352,0.028795912727671992,0.028795912727671992,0.708342969417572,0.708342969417572,0.708342969417572,0.708342969417572,0.708342969417572,0.708342969417572,0.708342969417572,0.708342969417572,0.708342969417572,0.708342969417572,0.708342969417572,0.708342969417572,0.708342969417572,0.708342969417572,0.6499999999999999,0.6499999999999999,0.0,0.0,0.0,0.0,0.0,0.0,0.0,0.0,0.6799999999999999,0.6799999999999999,0.0,0.0
https://www.theguardian.com/uk/2006/jul/12/socialexclusion.taxcredits,£1.17bn cost of tax credit fraud and errors is double the predicted sum,149,B,method_expert_secondary,0.30406312904025967,5,method_disagree,LOW,1.0,0.8,0.0,0.05,0.0,0.05,0.0,0.05,1.0,0.8,1.0,0.8,0.5,0.2,0.0,0.05,0.0,0.05,0.0,0.05,0.0,0.05,0.0,0.05,0.0,0.05,0.0,0.05,0.5,0.2,0.0,0.05,0.0,0.05,0.5,0.2,0.0,0.05,0.0,0.05,0.0,0.05,0.7103006929472298,0.7103006929472298,0.3178749462469109,0.3178749462469109,0.4638554352424848,0.4638554352424848,0.6348281887028822,0.6348281887028822,0.7364829025068517,0.7364829025068517,0.9553249970054922,0.9553249970054922,0.3978262591613518,0.3978262591613518,0.589530351083501,0.589530351083501,0.11847538175157514,0.11847538175157514,0.09007625512139134,0.09007625512139134,0.35384144597248146,0.35384144597248146,0.1116749985648502,0.1116749985648502,0.11965983866804854,0.11965983866804854,0.16233207161521876,0.16233207161521876,0.45691752433776855,0.45691752433776855,0.45691752433776855,0.45691752433776855,0.45691752433776855,0.45691752433776855,0.45691752433776855,0.45691752433776855,0.45691752433776855,0.45691752433776855,0.45691752433776855,0.45691752433776855,0.45691752433776855,0.45691752433776855,0.5,0.5,0.0,0.0,0.0,0.0,0.0,0.0,0.0,0.0,0.7,0.7,0.0,0.0
https://www.theguardian.com/education/2006/jun/22/highereducation.researchassessmentexercise,Research funding proposals 'lack detail',149,B,method_gut,0.20234657125256503,2,method_disagree,LOW,1.0,0.8,0.0,0.05,0.0,0.05,0.0,0.05,0.5,0.2,0.0,0.05,1.0,0.8,0.0,0.05,0.0,0.05,0.0,0.05,0.0,0.05,0.0,0.05,0.0,0.05,0.0,0.05,0.5,0.2,0.0,0.05,0.0,0.05,0.5,0.2,0.0,0.05,0.0,0.05,0.0,0.05,0.6017666022063638,0.6017666022063638,0.41150138012657,0.41150138012657,0.7275774106874049,0.7275774106874049,0.5407370121354735,0.5407370121354735,0.6919092517327865,0.6919092517327865,0.6278645150746494,0.6278645150746494,0.3573528606687321,0.3573528606687321,0.5707616929350332,0.5707616929350332,0.18595031874491583,0.18595031874491583,0.006334769236687562,0.006334769236687562,0.3375816041253886,0.3375816041253886,0.09781157020555684,0.09781157020555684,0.16001393964527133,0.16001393964527133,0.03197340833989404,0.03197340833989404,0.2653593122959137,0.2653593122959137,0.2653593122959137,0.2653593122959137,0.2653593122959137,0.2653593122959137,0.2653593122959137,0.2653593122959137,0.2653593122959137,0.2653593122959137,0.2653593122959137,0.2653593122959137,0.2653593122959137,0.2653593122959137,0.15000000000000002,0.15000000000000002,0.0,0.0,0.0,0.0,0.0,0.0,0.0,0.0,0.0,0.0,0.22000000000000003,0.22000000000000003
https://www.theguardian.com/society/2006/feb/24/communities.greenpolitics,Miliband hints at stronger green building code,149,B,method_gut,0.2628156734563201,3,method_disagree,LOW,1.0,0.8,0.0,0.05,0.0,0.05,0.0,0.05,0.0,0.05,0.0,0.05,1.0,0.8,0.5,0.2,0.0,0.05,0.0,0.05,0.0,0.05,0.0,0.05,0.0,0.05,0.0,0.05,1.0,0.8,0.0,0.05,0.0,0.05,0.0,0.05,0.0,0.05,0.0,0.05,1.0,0.8,0.578510233769056,0.578510233769056,0.21281711835230632,0.21281711835230632,0.6494329391793305,0.6494329391793305,0.4768301522325552,0.4768301522325552,0.6306091630649153,0.6306091630649153,0.43790180517130484,0.43790180517130484,0.37899929890306333,0.37899929890306333,0.35143745654249103,0.35143745654249103,0.1336151524102837,0.1336151524102837,0.04484997538237098,0.04484997538237098,0.09037895038253302,0.09037895038253302,0.12631534176990614,0.12631534176990614,0.01651143488826034,0.01651143488826034,0.07097971586400662,0.07097971586400662,0.30667367577552795,0.30667367577552795,0.30667367577552795,0.30667367577552795,0.30667367577552795,0.30667367577552795,0.30667367577552795,0.30667367577552795,0.30667367577552795,0.30667367577552795,0.30667367577552795,0.30667367577552795,0.30667367577552795,0.30667367577552795,0.15000000000000002,0.15000000000000002,0.0,0.0,0.0,0.0,0.0,0.0,0.0,0.0,0.0,0.0,0.22000000000000003,0.22000000000000003
https://www.theguardian.com/education/2006/jan/10/elearning.technology15,Share and share alike,149,B,method_rct,0.25543611808537436,4,method_disagree,LOW,0.5,0.2,0.0,0.05,0.0,0.05,0.0,0.05,0.0,0.05,0.0,0.05,0.0,0.05,0.0,0.05,0.0,0.05,0.0,0.05,0.0,0.05,0.0,0.05,0.0,0.05,0.0,0.05,1.0,0.8,0.0,0.05,0.0,0.05,1.0,0.8,0.0,0.05,0.0,0.05,0.0,0.05,0.7234812767303169,0.7234812767303169,0.6903683126046449,0.6903683126046449,0.9548442938113961,0.9548442938113961,0.5468976075244468,0.5468976075244468,0.657886335621921,0.657886335621921,0.4918326144888582,0.4918326144888582,0.34538525308025,0.34538525308025,0.4463285619166331,0.4463285619166331,0.10016290594206632,0.10016290594206632,0.04610153645889592,0.04610153645889592,0.1354734092220694,0.1354734092220694,0.24420621134785894,0.24420621134785894,0.053175377758358025,0.053175377758358025,0.030157047139364873,0.030157047139364873,0.5574447512626648,0.5574447512626648,0.5574447512626648,0.5574447512626648,0.5574447512626648,0.5574447512626648,0.5574447512626648,0.5574447512626648,0.5574447512626648,0.5574447512626648,0.5574447512626648,0.5574447512626648,0.5574447512626648,0.5574447512626648,0.25,0.25,0.1,0.1,0.1,0.1,0.1,0.1,0.1,0.1,0.1,0.1,0.1,0.1
https://www.theguardian.com/education/2005/dec/08/schools.uk,Teachers' pay scheme 'improves results',149,A,method_rct,0.33829514149994705,3,,LOW,1.0,0.8,0.0,0.05,1.0,0.8,1.0,0.8,0.0,0.05,1.0,0.8,0.0,0.05,0.5,0.2,1.0,0.8,1.0,0.8,0.5,0.2,0.5,0.2,0.5,0.2,0.5,0.2,0.5,0.2,1.0,0.8,0.0,0.05,0.0,0.05,0.0,0.05,0.0,0.05,0.0,0.05,0.5923560171302104,0.5923560171302104,0.6733138268990739,0.6733138268990739,0.8689665774085613,0.8689665774085613,0.47526135525640334,0.47526135525640334,0.6213448173073176,0.6213448173073176,0.8498905540959714,0.8498905540959714,0.33225898551451716,0.33225898551451716,0.6624961932954057,0.6624961932954057,0.31267507455938015,0.31267507455938015,0.1602548544949664,0.1602548544949664,0.30494708375461643,0.30494708375461643,0.0,0.0,0.1535790685186949,0.1535790685186949,0.0880474222281589,0.0880474222281589,0.7721284627914429,0.7721284627914429,0.7721284627914429,0.7721284627914429,0.7721284627914429,0.7721284627914429,0.7721284627914429,0.7721284627914429,0.7721284627914429,0.7721284627914429,0.7721284627914429,0.7721284627914429,0.7721284627914429,0.7721284627914429,0.44999999999999996,0.44999999999999996,0.2,0.2,0.2,0.2,0.2,0.2,0.2,0.2,0.2,0.2,0.2,0.2
https://www.theguardian.com/money/2005/dec/01/socialexclusion.business1,Pensions plan will raise tax by 4p - Brown,149,B,method_expert_qual,0.16313288114487742,3,method_disagree,LOW,1.0,0.8,0.0,0.05,0.0,0.05,0.0,0.05,0.5,0.2,0.5,0.2,0.5,0.2,0.0,0.05,0.0,0.05,0.0,0.05,0.0,0.05,0.0,0.05,0.0,0.05,0.0,0.05,0.5,0.2,0.0,0.05,0.0,0.05,0.0,0.05,0.0,0.05,0.0,0.05,0.5,0.2,0.6165349327265421,0.6165349327265421,0.22268734027533127,0.22268734027533127,0.4826994340231609,0.4826994340231609,0.5218024395006645,0.5218024395006645,0.6778539875872357,0.6778539875872357,0.5859137113736774,0.5859137113736774,0.38579341788968796,0.38579341788968796,0.35143745654249103,0.35143745654249103,0.1336151524102837,0.1336151524102837,0.04484997538237098,0.04484997538237098,0.09037895038253302,0.09037895038253302,0.12631534176990614,0.12631534176990614,0.01651143488826034,0.01651143488826034,0.07097971586400662,0.07097971586400662,0.647728443145752,0.647728443145752,0.647728443145752,0.647728443145752,0.647728443145752,0.647728443145752,0.647728443145752,0.647728443145752,0.647728443145752,0.647728443145752,0.647728443145752,0.647728443145752,0.647728443145752,0.647728443145752,0.25,0.25,0.0,0.0,0.0,0.0,0.0,0.0,0.0,0.0,0.0,0.0,0.22000000000000003,0.22000000000000003
https://www.theguardian.com/society/2005/nov/16/guardiansocietysupplement.health,The power of choice,149,B,method_expert_secondary,0.18264611591585317,1,outlier_high,LOW,1.0,0.8,0.0,0.05,0.0,0.05,0.5,0.2,0.0,0.05,1.0,0.8,0.5,0.2,0.0,0.05,0.0,0.05,0.0,0.05,0.0,0.05,0.0,0.05,0.0,0.05,0.0,0.05,0.5,0.2,0.0,0.05,0.0,0.05,0.5,0.2,0.0,0.05,0.0,0.05,0.0,0.05,0.6940318006541527,0.6940318006541527,0.39268666463143165,0.39268666463143165,0.6928302447201804,0.6928302447201804,0.6382834050084903,0.6382834050084903,0.7469574244096733,0.7469574244096733,0.7303243092202419,0.7303243092202419,0.3839900748028276,0.3839900748028276,0.34828578821967565,0.34828578821967565,0.0,0.0,0.04636025608302639,0.04636025608302639,0.08671973635903445,0.08671973635903445,0.10615049595725538,0.10615049595725538,0.10984468624299552,0.10984468624299552,0.0995817072767678,0.0995817072767678,0.19837656617164612,0.19837656617164612,0.19837656617164612,0.19837656617164612,0.19837656617164612,0.19837656617164612,0.19837656617164612,0.19837656617164612,0.19837656617164612,0.19837656617164612,0.19837656617164612,0.19837656617164612,0.19837656617164612,0.19837656617164612,0.15000000000000002,0.15000000000000002,0.0,0.0,0.0,0.0,0.0,0.0,0.0,0.0,0.0,0.0,0.0,0.0
https://www.theguardian.com/society/2005/oct/26/epublic.technology12,Smooth-flowing traffic is on the way,149,A,method_case_study,0.2790641636444087,3,,HIGH,1.0,0.8,0.0,0.05,0.5,0.2,1.0,0.8,0.0,0.05,0.5,0.2,0.0,0.05,0.0,0.05,0.0,0.05,0.0,0.05,0.0,0.05,0.0,0.05,0.0,0.05,0.0,0.05,0.0,0.05,0.0,0.05,0.0,0.05,0.0,0.05,0.0,0.05,0.0,0.05,0.0,0.05,0.4390983189814759,0.4390983189814759,0.4589483911383968,0.4589483911383968,0.6157446831214055,0.6157446831214055,0.2877440989092035,0.2877440989092035,0.5173418321836761,0.5173418321836761,0.12223700703455237,0.12223700703455237,0.3379807992495611,0.3379807992495611,0.5151835844491396,0.5151835844491396,0.12378294956617512,0.12378294956617512,0.06880433709629419,0.06880433709629419,0.41331885751922326,0.41331885751922326,0.008868405572153692,0.008868405572153692,0.08798365092991625,0.08798365092991625,0.09893465092613923,0.09893465092613923,0.6380764842033386,0.6380764842033386,0.6380764842033386,0.6380764842033386,0.6380764842033386,0.6380764842033386,0.6380764842033386,0.6380764842033386,0.6380764842033386,0.6380764842033386,0.6380764842033386,0.6380764842033386,0.6380764842033386,0.6380764842033386,0.55,0.55,0.0,0.0,0.0,0.0,0.76,0.76,0.0,0.0,0.0,0.0,0.0,0.0
